Date,"Binance Coin","Binance USD",Bitcoin,Cardano,Dogecoin,Ethereum,Polygon,Tether,"USD Coin",XRP
"2021-11-29 00:00",625.56475997,1.00285683,57904.45716252,1.60018766,0.21504367,4416.98107346,1.74073183,1.00113643,0.99931093,0.99020775
"2021-11-30 00:00",623.14515256,1.0061658,57017.73538592,1.55850374,0.21621577,4632.92696272,1.79896799,1.0022037,1.0007572,1.00023354
"2021-12-01 00:00",631.46594901,1.00793436,57570.07558949,1.56203798,0.21230723,4617.61617925,2.03083099,1.00433624,0.9999929,1.0000019
"2021-12-02 00:00",622.82729827,1.01506942,56695.31131102,1.71699928,0.21073021,4541.60680597,2.09923265,1.00224319,1.00174228,0.97884575
"2021-12-03 00:00",603.31162767,1.03301671,54473.76485652,1.59158174,0.20382334,4292.01407021,2.300424,1.00401785,1.00092889,0.93947117
"2021-12-04 00:00",568.82474085,1.03729128,49023.00568029,1.42127524,0.18008765,4099.20728642,1.98210164,1.00440776,1.00075145,0.83297666
"2021-12-05 00:00",561.93307379,1.02730414,49601.32168126,1.37743044,0.17152571,4204.8625604,2.02864675,1.00568709,1.00115629,0.80810514
"2021-12-06 00:00",590.31936872,1.01471506,50177.7580831,1.41735244,0.17483133,4316.28436976,2.16580847,1.00170749,1.00015701,0.82247599
"2021-12-07 00:00",577.88236016,1.01099714,50718.40219406,1.3882905,0.17810151,4308.7867864,2.38000563,1.00118556,1.00003598,0.81722753
"2021-12-08 00:00",605.41282445,1.00791655,50503.66825911,1.39545368,0.17921315,4426.35196084,2.42479508,1.00012233,0.99806134,0.86281991
"2021-12-09 00:00",581.69799264,1.0153534,48398.04770945,1.31440923,0.17323405,4192.2183437,2.14957571,1.00195709,1.00066694,0.88540952
"2021-12-10 00:00",561.08080159,1.02462472,47898.05086028,1.2343325,0.16611442,3976.5637548,2.12319855,1.00085691,0.99842598,0.8206165
"2021-12-11 00:00",562.92188565,1.01257026,48888.62227804,1.32798353,0.16768713,4044.34744275,2.1079844,1.00131028,0.99927275,0.83224503
"2021-12-12 00:00",570.29127423,1.00595189,49957.43780629,1.347716,0.16872178,4109.67153465,2.07891996,0.99890675,0.99852287,0.84154027
"2021-12-13 00:00",528.31897302,1.01048758,47196.44714984,1.23880179,0.15880753,3810.92509576,1.84060613,1.00122876,1.00005018,0.79172522
"2021-12-14 00:00",530.65823146,1.01227452,48388.2246622,1.2697169,0.19073845,3870.62806191,1.93624071,1.00220656,1.00145448,0.81452993
"2021-12-15 00:00",540.28153019,1.00337227,48792.22044289,1.305319,0.17929714,4008.39613509,2.10811111,0.99962297,0.99908615,0.82538315
"2021-12-16 00:00",532.08898238,1.00779478,48224.17293136,1.28448015,0.17879659,4012.19464677,2.12489699,1.0020215,1.00033356,0.82327282
"2021-12-17 00:00",534.87951076,1.00386811,46681.64052638,1.22965008,0.16993066,3884.82863018,2.1164028,1.00144786,1.00300046,0.80334338
"2021-12-18 00:00",537.92002509,0.99780937,47162.74666453,1.25008251,0.17308046,3977.97070855,2.23501117,1.00227063,1.00466002,0.83088317
"2021-12-19 00:00",534.28715534,1.008142,47316.25879349,1.25763261,0.17137492,3965.69230937,2.23307244,1.00333056,1.00515302,0.84138073
"2021-12-20 00:00",520.19985212,0.95424768,46267.9833703,1.22265276,0.16328339,3851.56154402,2.11373598,0.99129231,1.00031773,0.85555287
"2021-12-21 00:00",528.11567673,1.0001036,48834.02040303,1.27516017,0.17001323,4013.99435409,2.33916383,1.00014983,0.99987294,0.93358724
"2021-12-22 00:00",533.17662152,1.01064803,48653.88577459,1.32993526,0.17403584,3982.28279594,2.51512299,1.00061243,0.99857844,0.95270756
"2021-12-23 00:00",543.72202846,1.00374178,50416.50718547,1.45454141,0.1811655,4086.69605885,2.64025142,1.00029665,0.99920737,0.99728881
"2021-12-24 00:00",543.66709133,1.00462095,51155.81821161,1.41103196,0.18810495,4069.95878507,2.48693518,1.00238897,1.00026474,0.92057828
"2021-12-25 00:00",547.91574657,1.00277251,50681.04417306,1.44819079,0.19089993,4099.13806414,2.63532611,1.00153432,1.00131615,0.92745005
"2021-12-26 00:00",546.83153258,1.00009797,50809.79383973,1.45678546,0.1903446,4078.95200504,2.85055741,1.00027975,0.9998869,0.92127688
"2021-12-27 00:00",564.60848836,1.00466623,50052.69277724,1.52906552,0.18913161,4048.10388693,2.73447973,1.00140786,0.99917796,0.92777733
"2021-12-28 00:00",539.61473051,1.00589002,48107.16484154,1.42826336,0.17629941,3832.92220634,2.56007211,1.00252527,1.00137896,0.8648985
"2021-12-29 00:00",516.00730617,1.00736577,46985.18476828,1.34889294,0.16980034,3680.5523729,2.48791312,1.00030644,0.99829288,0.82622968
"2021-12-30 00:00",516.84533225,1.0042506,47161.3582566,1.35000461,0.17137985,3709.39541518,2.53290204,1.00089713,1.00041431,0.83904632
"2021-12-31 00:00",509.77480704,1.0004973,46461.52004891,1.30623414,0.17043882,3679.57211975,2.54294863,0.99943471,0.99744882,0.82521127
"2022-01-01 00:00",522.15039619,1.00091093,47513.05343302,1.35372958,0.17145887,3740.42220307,2.50709279,0.9996265,0.99813313,0.84255199
"2022-01-02 00:00",529.12521442,1.00052845,47148.89392289,1.36823406,0.17369527,3798.36898996,2.52373545,0.99980044,0.99868741,0.85285486
"2022-01-03 00:00",515.11860702,1.00745882,46526.79000617,1.33509012,0.17040232,3766.47442113,2.46321554,1.00229649,1.00247343,0.83688633
"2022-01-04 00:00",489.74128564,1.0016023,44347.16577859,1.26543793,0.1624415,3630.97684298,2.35902678,0.99963592,0.99990435,0.78368633
"2022-01-05 00:00",470.05616228,1.00946971,44878.48168498,1.23600251,0.15846774,3625.29640889,2.20020979,1.00095545,1.00134141,0.77571258
"2022-01-06 00:00",465.73111881,1.00531945,42431.13932277,1.23443526,0.15621026,3345.14419876,2.19875212,1.00260902,1.0011588,0.75082759
"2022-01-07 00:00",446.79231489,0.99892839,41326.9253611,1.20417572,0.15335204,3163.86116629,2.00358554,0.99953873,0.99748883,0.75681127
"2022-01-08 00:00",427.9742167,1.00078495,41577.24737105,1.1884155,0.15077622,3085.9173978,2.00737645,0.99965988,0.99848316,0.74569663
"2022-01-09 00:00",437.90028465,0.99969883,41937.5503549,1.16862451,0.14974644,3154.57917881,2.08597201,0.99872973,0.99821774,0.75266293
"2022-01-10 00:00",424.94861413,1.00292615,41698.04802575,1.13089439,0.14310158,3071.54824422,2.0699898,1.00066132,0.99992634,0.73739849
"2022-01-11 00:00",454.81669045,0.99859319,42262.2013933,1.17139564,0.15180874,3192.04162935,2.30164233,0.9995343,0.99895424,0.7568892
"2022-01-12 00:00",484.65664155,0.99556383,43799.82798035,1.29665219,0.16024444,3357.72640817,2.35263313,0.99854244,0.997138,0.79601255
"2022-01-13 00:00",478.33377139,1.00400376,41520.46569218,1.22167364,0.16671819,3160.92470936,2.23413504,1.00166122,1.0006472,0.74460141
"2022-01-14 00:00",485.02506419,1.0051312,42840.14667005,1.27313474,0.18489918,3274.42440283,2.28559737,1.00250327,1.00159527,0.76499103
"2022-01-15 00:00",487.25558495,1.00474997,42006.25121436,1.24730786,0.16949557,3217.93264879,2.30682584,1.00227805,1.00262976,0.75405263
"2022-01-16 00:00",496.54849019,1.00335195,43018.39274952,1.40661029,0.17742959,3340.16107366,2.30836049,1.00218498,1.00196543,0.77676449
"2022-01-17 00:00",484.2690144,1.00335741,42066.85741921,1.51811246,0.16706771,3206.12118624,2.21193291,1.00097363,1.00024982,0.75688618
"2022-01-18 00:00",473.37610986,1.00744688,42298.67363721,1.48133688,0.16506301,3168.63804234,2.11948358,1.00261294,1.00115859,0.75460907
"2022-01-19 00:00",457.6405156,0.99914447,41758.64527242,1.35511253,0.15977104,3096.93066937,2.03364385,1.00042717,1.00058075,0.72628576
"2022-01-20 00:00",428.51064511,1.00430969,38709.37118991,1.20364904,0.15162944,2855.71733454,1.95146185,1.00110871,1.00119097,0.67994301
"2022-01-21 00:00",392.87519686,1.00582544,37237.56406599,1.16408476,0.14711525,2635.85779733,1.7502159,1.00117966,1.00068725,0.64670328
"2022-01-22 00:00",359.10149307,1.00618663,35142.73161173,1.0701728,0.13092188,2414.26518362,1.51995262,1.00262634,1.00139342,0.58989748
"2022-01-23 00:00",385.35948184,1.00672639,36065.8705056,1.10787284,0.1386173,2514.77478207,1.60454157,1.0020826,1.00108653,0.62101517
"2022-01-24 00:00",369.41894565,1.00409341,36234.90581199,1.06174686,0.13559182,2420.5607344,1.44594279,1.0011395,1.00017441,0.60865994
"2022-01-25 00:00",382.75425902,0.99951422,36699.29417373,1.03789766,0.14115351,2434.6336277,1.52358518,1.00022585,0.99896168,0.61085159
"2022-01-26 00:00",380.08925947,1.00774046,36887.12116135,1.07797925,0.14651888,2484.72925755,1.61337142,1.00286947,1.00191334,0.621587
"2022-01-27 00:00",380.99162484,1.00706018,36137.09180627,1.0308555,0.13950903,2364.84439522,1.56476286,1.00145496,1.00107359,0.59763312
"2022-01-28 00:00",391.04986091,1.00179161,37597.25467205,1.04899146,0.14096206,2534.64195848,1.67307079,1.0006539,1.0000776,0.60796419
"2022-01-29 00:00",388.89638212,1.00274574,38112.53090902,1.05577434,0.14180537,2581.94662407,1.67926224,1.00087859,1.00044341,0.61615766
"2022-01-30 00:00",379.20118344,1.0014524,37953.98546833,1.04703674,0.14055064,2604.48869003,1.60392488,1.0006485,0.99997809,0.60930138
"2022-01-31 00:00",373.44980301,0.9948369,38126.45153416,1.04267371,0.13992085,2655.49319972,1.62399532,0.99783062,0.99726488,0.61357717
"2022-02-01 00:00",374.60146787,0.99962231,37799.8452878,1.05923834,0.1407673,2723.12811485,1.61350561,0.99997894,0.99915321,0.60675458
"2022-02-02 00:00",367.07592341,1.00509561,36169.36361421,1.01447581,0.13499804,2621.39908906,1.53449745,1.00272275,1.00114459,0.58939298
"2022-02-03 00:00",368.16354949,0.9962778,36733.5535033,1.04529538,0.13681668,2638.77654752,1.55060338,0.99628068,0.99348191,0.60308806
"2022-02-04 00:00",394.08022673,1.00329552,40464.11921239,1.1167398,0.14539965,2931.37664923,1.53817562,1.00137775,1.00017578,0.63676701
"2022-02-05 00:00",417.07136081,1.00229282,41625.84142352,1.13688023,0.14792186,3027.89006112,1.72930526,1.00139521,1.00075566,0.67218214
"2022-02-06 00:00",415.10917856,1.00095979,41201.98322512,1.12783162,0.1490374,2976.20592274,1.71784527,1.00128659,1.00051065,0.66665689
"2022-02-07 00:00",434.79050885,1.001394,43884.37378218,1.19796298,0.1650319,3139.99736534,2.01077835,1.00119968,1.00049144,0.80169291
"2022-02-08 00:00",412.39358217,0.99973444,44047.92010443,1.17654595,0.15785102,3119.55071062,1.92364762,1.00094311,0.99988179,0.8610235
"2022-02-09 00:00",422.67529955,1.00029753,44377.76364441,1.19931372,0.15964041,3224.69745289,2.03433047,1.00129894,1.00106353,0.889312
"2022-02-10 00:00",421.52415372,1.00462919,44399.60944449,1.17738012,0.15522205,3159.65238048,1.9658546,1.00167281,1.00132722,0.86069348
"2022-02-11 00:00",409.39662204,1.00957952,43042.31409312,1.12418432,0.15109321,3017.71474193,1.79870652,1.00249194,1.00323463,0.79203492
"2022-02-12 00:00",408.93070197,1.0108314,42734.6728349,1.06933022,0.14598811,2944.99345622,1.72860802,1.00406053,1.00324019,0.82931175
"2022-02-13 00:00",404.0818109,1.01163837,42563.5549665,1.05828022,0.15290088,2917.70293747,1.68997011,1.0048863,1.00309704,0.8245949
"2022-02-14 00:00",404.53862157,1.00372545,42685.78715067,1.04923449,0.14632364,2939.00543852,1.65225331,1.00093459,1.0003766,0.80327742
"2022-02-15 00:00",437.53224257,0.99846866,44830.25383039,1.10776633,0.15165818,3197.47318859,1.86338039,1.00000053,0.99952699,0.85143223
"2022-02-16 00:00",418.22279282,0.99851839,42178.20547118,1.08475582,0.14840217,3137.34881006,1.78744042,1.00001429,0.99961617,0.83484625
"2022-02-17 00:00",405.91596038,1.0052045,40867.15571728,1.02762007,0.13946365,2908.59905206,1.66868627,1.00152641,1.00035738,0.77597168
"2022-02-18 00:00",404.15872833,1.00628669,40673.86143721,1.01007919,0.14103416,2842.52285758,1.64942877,1.00307338,1.00250722,0.79420099
"2022-02-19 00:00",400.4844619,1.00669036,39128.88183914,1.0034637,0.14238337,2666.15180632,1.59712847,1.002947,1.00117557,0.82658817
"2022-02-20 00:00",384.55310112,1.00722897,39546.64906763,0.96447479,0.14018838,2712.56069383,1.58692008,1.00260953,1.00098583,0.80256584
"2022-02-21 00:00",371.57406518,1.00751536,39454.06597774,0.90335915,0.13743486,2754.60862126,1.52323737,1.00164343,1.00112356,0.75508296
"2022-02-22 00:00",373.8383026,1.00002168,38225.3023486,0.88629746,0.1314373,2640.69646694,1.47716276,1.00112046,1.00024474,0.7204853
"2022-02-23 00:00",380.7863282,1.00553374,38526.09188276,0.90120183,0.13349527,2683.38368981,1.53913086,1.00213932,1.0021167,0.73185224
"2022-02-24 00:00",355.04717911,1.00033614,38084.78828763,0.84374481,0.12139641,2599.85656897,1.4431949,1.00077493,0.99977104,0.68816914
"2022-02-25 00:00",375.38917283,1.00399287,38788.74952373,0.86335641,0.12440955,2642.52049236,1.4580615,1.00043396,0.99791565,0.7018671
"2022-02-26 00:00",376.1993743,1.00659697,39112.39184029,0.89237609,0.12818105,2788.84891978,1.52631676,1.00047004,0.99854328,0.75392469
"2022-02-27 00:00",365.94912467,1.03198136,38313.03518246,0.86800769,0.12480358,2665.42452857,1.46098419,1.0069176,1.0022389,0.73330852
"2022-02-28 00:00",396.19354625,0.98423854,43361.03932065,0.95565008,0.1333932,2927.4775552,1.70436269,0.99816865,0.99882383,0.78982591
"2022-03-01 00:00",409.92249686,0.99453352,44232.95940668,0.96568395,0.13398815,2974.8090785,1.62189466,0.99926166,1.00124729,0.78664064
"2022-03-02 00:00",406.5122779,0.99371838,43398.75896622,0.93505004,0.13130018,2923.16704763,1.56600302,0.99877968,0.99890633,0.76456846
"2022-03-03 00:00",404.54602812,1.00736883,42711.11489346,0.90683477,0.12910709,2848.52972158,1.57038695,1.00155453,1.00058569,0.75479094
"2022-03-04 00:00",376.95589812,1.00851992,39805.75890098,0.85195232,0.12435711,2660.59328597,1.49979851,1.00290465,1.00045685,0.72186397
"2022-03-05 00:00",392.58278807,1.00560529,40217.599285,0.88230768,0.12812782,2723.45282577,1.52189861,1.00088588,1.00034523,0.77696738
"2022-03-06 00:00",375.42002078,1.01537359,38729.57993519,0.82855234,0.12107535,2586.02079517,1.44563968,1.0083559,1.00180002,0.72844336
"2022-03-07 00:00",384.33703171,1.03011257,38482.63603703,0.80493534,0.11797436,2518.65902174,1.42848457,1.03165777,1.00293559,0.73208837
"2022-03-08 00:00",383.0987286,1.01950569,39805.17482222,0.80533751,0.11783504,2610.00806599,1.45556784,1.01409756,0.99992406,0.72491965
"2022-03-09 00:00",392.55163368,1.01583855,41859.68198132,0.8475872,0.12145255,2715.72584205,1.5028875,1.01110123,0.99688209,0.76426492
"2022-03-10 00:00",383.81411087,1.01480832,39644.1553271,0.82474137,0.11816782,2622.41380327,1.46901088,1.00393065,1.00388052,0.75731062
"2022-03-11 00:00",377.58843036,1.02635316,39463.93105986,0.80740333,0.1180824,2617.19210553,1.43833034,1.00820099,1.00416062,0.81546521
"2022-03-12 00:00",378.23907839,1.01862019,39489.07796423,0.80092992,0.11615486,2612.00179763,1.42736819,1.01084994,1.00439287,0.79862165
"2022-03-13 00:00",370.79945424,1.01453225,40227.34045465,0.83165071,0.11772795,2659.40163506,1.452383,1.00833381,1.00203061,0.81962946
"2022-03-14 00:00",375.35353609,1.02207167,39641.09207164,0.80760802,0.11440799,2594.37223001,1.38026113,1.00570146,1.00141251,0.77643806
"2022-03-15 00:00",374.62209826,1.00591057,39899.81320943,0.81195295,0.11433542,2641.6931992,1.41542249,1.00405989,1.00103823,0.77956532
"2022-03-16 00:00",376.66934448,0.99181633,40468.17603958,0.82021402,0.11483832,2718.34651582,1.4330947,0.99773683,0.99851207,0.77711638
"2022-03-17 00:00",374.34035247,0.99454108,39500.95048234,0.80033872,0.11218527,2769.23052488,1.43714619,0.99866971,0.9972973,0.77320097
"2022-03-18 00:00",391.66120528,0.99579054,41705.82658904,0.85053158,0.11886375,2932.45623849,1.49155593,0.99832095,0.99823728,0.79534343
"2022-03-19 00:00",398.23548023,0.99492258,42184.04020087,0.89842108,0.1235275,2941.59653967,1.53877283,0.99924315,0.99789781,0.81967806
"2022-03-20 00:00",411.30728585,1.00908172,42701.54646714,0.90934277,0.12451956,2993.68136691,1.53435767,1.00257035,0.99839875,0.84245627
"2022-03-21 00:00",395.34493995,0.99989494,41121.50452353,0.9136703,0.1198617,2900.82905423,1.46617647,1.00070022,1.00030977,0.84120425
"2022-03-22 00:00",403.76156656,1.00123619,42624.64747247,0.97576218,0.12344972,2987.86211845,1.52285304,1.00040792,0.99944827,0.84510929
"2022-03-23 00:00",387.75874574,0.99317652,41426.50640683,1.05958288,0.12527391,2919.31253231,1.49491861,0.99751966,0.99905423,0.80867917
"2022-03-24 00:00",397.01189103,0.99643386,43305.60919459,1.1029456,0.13287386,3040.96083806,1.6184999,0.99898049,0.99877322,0.81830979
"2022-03-25 00:00",389.87374532,1.0002394,42906.98449004,1.06060562,0.1259926,3010.69273747,1.52853293,1.00036143,1.00063715,0.79081107
"2022-03-26 00:00",399.47740752,0.99985519,43142.5944202,1.1087595,0.13089474,3007.45557276,1.55839233,1.00037719,1.00073195,0.80170162
"2022-03-27 00:00",410.6660528,0.99733006,45234.63461359,1.1423514,0.13835706,3182.56652092,1.63810093,0.99897176,1.00055673,0.82799464
"2022-03-28 00:00",414.18864398,1.00076681,46241.65722948,1.15517719,0.14069156,3271.9230477,1.64704804,0.99972884,0.99949926,0.8558611
"2022-03-29 00:00",393.35601854,0.99064049,44602.45768192,1.10225408,0.13124468,3139.51160332,1.54372285,0.99741402,0.99969595,0.78755855
"2022-03-30 00:00",403.06489252,0.99214021,44216.0259746,1.1185856,0.13218022,3171.36713791,1.58564394,0.99802251,0.99912014,0.79893483
"2022-03-31 00:00",395.60974161,0.98428344,43791.29277894,1.10799672,0.13198325,3168.73401084,1.56080047,0.99692961,1.00050626,0.77583853
"2022-04-01 00:00",405.78814539,0.99199372,42878.76118027,1.06865137,0.12821479,3164.03339552,1.53524907,0.99497266,1.00056419,0.75544535
"2022-04-02 00:00",404.15036849,0.988918,43695.99493933,1.09925175,0.12910593,3256.64742743,1.5546147,0.99627324,1.00027929,0.77591798
"2022-04-03 00:00",419.8821829,0.9945734,45059.54080415,1.1351816,0.13843795,3366.83098053,1.60537751,0.99925781,1.00073454,0.79944272
"2022-04-04 00:00",414.85247993,0.99583364,44553.71931672,1.14455024,0.13894413,3326.9309523,1.54231617,0.99840857,1.00040898,0.78142963
"2022-04-05 00:00",448.47907671,1.00901809,45315.51484726,1.16950704,0.16819749,3397.19366588,1.58769913,0.9990729,1.00376871,0.81587794
"2022-04-06 00:00",393.68557851,0.98633721,42254.06691746,1.03488036,0.13816945,3071.66460556,1.41226669,0.99923925,1.00076599,0.7425998
"2022-04-07 00:00",418.18456963,1.00395828,42086.62681946,1.05318912,0.13914645,3112.18810899,1.44969515,1.00179076,1.00054009,0.75244358
"2022-04-08 00:00",376.0269738,0.96907422,39543.60914823,0.98505267,0.13035222,2951.25737695,1.33461204,0.99521025,0.98894041,0.69382284
"2022-04-09 00:00",392.11894399,0.9947204,40976.16876817,1.0005476,0.13569114,3095.43010157,1.39250211,0.99826638,0.99870317,0.73593103
"2022-04-10 00:00",375.59548751,0.97484378,39575.10280345,0.96537887,0.13753829,2982.68003104,1.35327472,0.9961108,0.99847855,0.69899899
"2022-04-11 00:00",366.70150193,1.00024346,37490.28048958,0.87438596,0.12578104,2793.82016666,1.25469169,0.9999543,0.97830923,0.65299837
"2022-04-12 00:00",382.41936794,0.99402335,37729.40756296,0.90498821,0.12772264,2834.62519722,1.31436732,0.99980629,0.92661838,0.66947555
"2022-04-13 00:00",400.69755739,1.00050863,33838.34786762,0.75708597,0.10691812,2475.66427214,1.08407612,0.99915172,0.90510496,0.57037337
"2022-04-14 00:00",366.0994717,1.00591277,37165.07934755,0.8678237,0.13084473,2795.7616427,1.30617712,1.00124027,0.8568623,0.65508617
"2022-04-15 00:00",390.85588072,0.9923977,38662.92737184,0.91880589,0.13808551,2881.48908858,1.31623863,1.00373654,0.86228489,0.74240731
"2022-04-16 00:00",411.67846657,1.00387022,40155.44889518,0.92766331,0.14057953,3005.60874848,1.34607111,1.0055642,0.91978521,0.75911107
"2022-04-17 00:00",370.7057601,1.00139747,37946.99994539,0.8708088,0.13007707,2820.11005043,1.2696654,1.0018059,0.88286156,0.71260807
"2022-04-18 00:00",393.8078454,1.00008381,40121.10431624,0.92047528,0.13619043,2992.90210848,1.39972662,1.00198487,0.95401363,0.75540557
"2022-04-19 00:00",363.2741793,0.99966985,38556.77714084,0.86637823,0.12734592,2822.39936965,1.31504316,1.00068164,0.93485512,0.7070633
"2022-04-20 00:00",359.51000719,0.98712886,38506.19384209,0.86141794,0.1271903,2782.69969345,1.33777418,0.99581534,0.95109307,0.6799883
"2022-04-21 00:00",439.54586911,1.00283716,40491.32360009,0.90052094,0.1353879,2965.17826128,1.37859604,1.00049282,0.9476371,0.72976675
"2022-04-22 00:00",409.83244975,1.01282518,39734.23456801,0.90229581,0.13437054,2956.81791044,1.38670012,1.00166276,0.98157585,0.7231496
"2022-04-23 00:00",402.72752256,1.00106519,39714.51495664,0.88862075,0.13171254,2956.36171118,1.37573982,0.9986684,0.9575389,0.71109234
"2022-04-24 00:00",406.62789504,1.00628329,40124.98142161,0.89008199,0.13332142,2985.85875112,1.31755452,1.00185876,0.98510311,0.71656645
"2022-04-25 00:00",379.76745647,0.99139083,39264.33759572,0.87081844,0.15166397,2934.61207565,1.34553174,0.99884538,0.98410767,0.67848503
"2022-04-26 00:00",389.78414504,0.99174445,37576.720506,0.83381514,0.13978886,2780.47429625,1.1928437,1.00113871,0.98572243,0.61385213
"2022-04-27 00:00",391.21573622,0.9855403,39230.13166669,0.83875818,0.1390075,2888.37528202,1.25551319,1.00039155,0.99513044,0.6507183
"2022-04-28 00:00",391.3455747,0.99339732,39105.34685602,0.83428503,0.13530105,2890.36661337,1.24006164,0.99876761,0.98265575,0.63601661
"2022-04-29 00:00",331.15947629,0.99844788,34131.02215221,0.70591364,0.11550299,2415.71892645,0.99744197,0.9995723,0.98610769,0.5109059
"2022-04-30 00:00",360.21431791,1.01465622,36364.11034579,0.72942671,0.12132014,2620.96498079,1.01688109,1.0061931,0.96491081,0.5660955
"2022-05-01 00:00",362.12151329,1.01524973,37776.46941647,0.7700333,0.12936485,2756.50878471,1.07956921,1.00384809,0.98053324,0.58808087
"2022-05-02 00:00",326.1329348,0.9900567,37500.01641512,0.69617707,0.11994975,2759.92191919,1.01821691,0.99946315,0.97499569,0.55047515
"2022-05-03 00:00",385.41755436,0.99885823,38597.64649074,0.78150854,0.13515684,2833.05438495,1.0812111,1.00126567,0.99603043,0.61319935
"2022-05-04 00:00",400.30354647,0.99360369,39628.10963788,0.87845865,0.13424456,2922.35350967,1.15300096,0.99714844,0.98190284,0.64228207
"2022-05-05 00:00",376.62723574,1.0128219,36211.64502229,0.78968078,0.12726417,2727.68386047,1.0517001,1.00416699,0.95468907,0.59504858
"2022-05-06 00:00",381.07855112,1.00732231,36114.95995013,0.78528589,0.12733925,2702.62943631,1.04007589,1.00319878,0.98606933,0.60333903
"2022-05-07 00:00",363.10987008,1.00910466,34672.12384863,0.75412716,0.12366803,2562.75205635,0.99913683,1.00152329,0.98169979,0.56627631
"2022-05-08 00:00",361.2515486,1.00954091,34557.20082527,0.75116625,0.12563661,2563.84148483,0.98878724,1.002017,0.98853579,0.57852832
"2022-05-09 00:00",298.76754646,1.00650115,30650.51951566,0.60783492,0.10741433,2290.52805264,0.82825953,1.00107538,0.97971903,0.48801582
"2022-05-10 00:00",306.41723503,1.0062563,31002.35599285,0.62587611,0.10854745,2343.65614887,0.893866,1.00132838,0.99857082,0.5043976
"2022-05-11 00:00",273.68073751,1.00948696,29214.97222695,0.52514715,0.08610698,2106.56489441,0.68183967,1.00108069,0.99591297,0.4233455
"2022-05-12 00:00",270.90033569,1.00108232,29568.72495269,0.47470721,0.08302818,2006.56491012,0.60563449,0.99842661,0.99772195,0.38622317
"2022-05-13 00:00",279.53382355,1.00216163,29519.20334357,0.5350745,0.08874853,2032.05734396,0.67788466,0.9989479,0.99515026,0.42545446
"2022-05-14 00:00",292.35078657,1.00271978,29889.95092663,0.53104606,0.08926395,2042.03513845,0.67998302,0.99869155,0.98807156,0.42458897
"2022-05-15 00:00",303.26295609,1.00218656,30115.22834485,0.57584337,0.09022134,2080.54586486,0.70721712,0.99920336,0.98770745,0.42916884
"2022-05-16 00:00",294.62758885,1.00050813,29730.8773575,0.55831105,0.08714953,2018.49254366,0.67926709,0.99798136,0.99598188,0.42121828
"2022-05-17 00:00",303.60595783,1.00000483,30099.19953929,0.57214438,0.08932533,2070.74619047,0.71938442,0.99877495,0.99367658,0.43125903
"2022-05-18 00:00",290.35286075,1.0104086,28982.1541882,0.51506922,0.08461674,1939.20154323,0.63933369,1.00352494,0.99112288,0.41016195
"2022-05-19 00:00",305.08235116,0.99834732,30124.56598255,0.53011459,0.08728533,2006.40508735,0.6504256,0.99699562,0.98970665,0.41751728
"2022-05-20 00:00",297.84166742,1.00249082,28625.77532514,0.51088847,0.08211473,1937.02680923,0.6275245,0.99968137,0.99702687,0.40522991
"2022-05-21 00:00",311.97888246,1.00352147,29441.19539362,0.52841143,0.08426071,1976.8917078,0.64826703,0.99994341,0.98419889,0.41237715
"2022-05-22 00:00",320.79196477,1.00089906,30587.86486518,0.5436107,0.08673666,2055.11170006,0.68714896,0.99973658,0.98564663,0.42368335
"2022-05-23 00:00",319.13970286,1.00321548,29173.80501519,0.5159313,0.08370268,1983.10930803,0.65414088,1.0001362,0.9887728,0.408348
"2022-05-24 00:00",327.09345077,1.00072297,29524.05125007,0.51777995,0.08346045,1957.81457228,0.65514909,0.99875233,0.98844872,0.40706802
"2022-05-25 00:00",322.29940202,0.99893763,29579.20191897,0.50625577,0.08046776,1936.22329262,0.63834094,0.99716895,0.99437402,0.40019948
"2022-05-26 00:00",309.85825644,0.99816138,28967.94433042,0.4783161,0.07824127,1801.65846672,0.60298519,0.99789925,0.98403043,0.39254149
"2022-05-27 00:00",299.49025131,1.00115337,28298.15766215,0.4532956,0.08009218,1701.7956592,0.55853345,0.99895798,0.9953755,0.38001065
"2022-05-28 00:00",309.90169279,1.00264098,30600.94884886,0.46629895,0.08243662,1866.49019494,0.5964638,0.99996633,0.96011169,0.38796103
"2022-05-29 00:00",304.42146336,1.00079739,29246.54069243,0.47360212,0.08105129,1807.24362386,0.58745412,0.99945227,0.94654209,0.38380205
"2022-05-30 00:00",320.98064692,1.00439974,31404.47875982,0.56357483,0.08699999,1974.48566169,0.64459726,1.00001336,0.97858802,0.41361901
"2022-05-31 00:00",321.21991666,1.00058394,31813.33191157,0.6273317,0.08585551,1950.45401352,0.66125632,0.99898262,0.98281347,0.42169929
"2022-06-01 00:00",311.77591009,1.00986081,30303.40212872,0.56672134,0.08371773,1856.52872582,0.61684956,1.00211079,0.99219716,0.41305787
"2022-06-02 00:00",284.78699919,0.99935271,30335.46034511,0.58342195,0.082228,1824.84314964,0.61410565,0.99904591,0.97205131,0.4021807
"2022-06-03 00:00",298.74859281,1.00174253,29791.8040344,0.5626967,0.08068203,1775.41246206,0.58780189,1.00011624,0.98881771,0.38975834
"2022-06-04 00:00",302.32438976,1.00376193,30084.81178685,0.56535622,0.08243054,1807.48069733,0.59894548,1.00128981,0.94862769,0.39388275
"2022-06-05 00:00",292.74071977,1.00308407,29225.72031696,0.55120977,0.0791356,1775.74707235,0.59199241,1.00149372,0.97031856,0.38073347
"2022-06-06 00:00",297.05214625,1.00634296,31345.32915517,0.60907664,0.08200095,1849.33202661,0.61387178,1.00067175,0.98657295,0.40092596
"2022-06-07 00:00",292.51565677,1.00096938,31786.04721814,0.62422583,0.08139817,1825.74662868,0.6186813,0.99894653,0.95789562,0.41271377
"2022-06-08 00:00",287.43501354,1.00540449,30390.96582832,0.6378722,0.07836668,1803.54817754,0.6127888,1.00125521,0.98273642,0.40177241
"2022-06-09 00:00",298.43562345,1.00653771,30400.0535859,0.64055502,0.08004678,1807.70556178,0.63685019,1.00413199,0.9844629,0.40451419
"2022-06-10 00:00",291.10873411,1.01610497,29394.5647865,0.58026968,0.07594271,1687.62610937,0.60431197,1.00206266,0.99905625,0.38468772
"2022-06-11 00:00",275.10892747,1.01435551,29053.7969417,0.56475619,0.07132806,1570.08082632,0.54788434,1.00246861,0.98387838,0.36885241
"2022-06-12 00:00",260.96519405,1.01834476,27764.58262708,0.50845391,0.06549927,1482.07408741,0.52578335,1.00805028,0.99404394,0.35536944
"2022-06-13 00:00",224.31042728,1.01284784,22803.94333188,0.46429711,0.05483222,1215.60681861,0.43191663,1.00090204,0.99339909,0.31507194
"2022-06-14 00:00",218.07320336,1.00566155,22560.50949834,0.4717841,0.0538361,1208.22084248,0.42877991,1.00028806,0.99686989,0.30497193
"2022-06-15 00:00",228.14183432,0.99919761,22290.38316851,0.52198136,0.05985988,1203.59014355,0.42052109,0.99886395,0.99716127,0.33500348
"2022-06-16 00:00",206.00981584,0.99700145,18715.05962433,0.45088497,0.05318977,1028.92789418,0.37511507,0.99405839,0.98480537,0.29216781
"2022-06-17 00:00",214.39775906,1.00442498,20222.34816736,0.4784691,0.056221,1075.26530856,0.39580322,0.99873365,0.99431665,0.31496949
"2022-06-18 00:00",196.58234418,1.00685067,18803.41521355,0.45317155,0.0532631,977.23161006,0.36579007,0.99999233,0.97750666,0.30717264
"2022-06-19 00:00",216.58845884,1.00405677,20782.79798144,0.49125594,0.06162087,1138.67732888,0.39814659,1.00106644,0.96758704,0.33303629
"2022-06-20 00:00",220.02196117,1.0018813,21287.79372631,0.50334624,0.06117908,1156.48088236,0.40806923,0.99916862,0.98465271,0.33214079
"2022-06-21 00:00",225.80415284,1.00080483,21267.93203595,0.49818195,0.06740058,1156.78983078,0.43046945,0.99950939,0.99423252,0.3403803
"2022-06-22 00:00",223.12175972,1.00043908,20826.52533804,0.47339029,0.06389027,1094.60065564,0.47340846,0.99808523,0.99385838,0.33097093
"2022-06-23 00:00",229.77536788,1.00109187,20947.78670512,0.47866948,0.06382519,1137.00151433,0.55503314,0.99889871,0.98989114,0.33838392
"2022-06-24 00:00",240.77294942,0.99723142,21408.89862323,0.50295284,0.0674545,1234.28508799,0.61639432,0.99767174,0.99555762,0.36890683
"2022-06-25 00:00",240.19791578,0.99759419,21499.97535437,0.49816455,0.06832583,1243.57274139,0.60002597,0.99891371,0.99260922,0.36801605
"2022-06-26 00:00",236.7321952,0.99597946,21309.3225326,0.49911395,0.07411714,1222.72891846,0.57969715,0.99649517,0.97070419,0.36545964
"2022-06-27 00:00",233.43077393,1.00142303,20701.69160661,0.48568814,0.07227601,1190.04642813,0.53282809,0.99920931,0.99529392,0.35384151
"2022-06-28 00:00",230.81383549,1.0048213,20414.91278917,0.47496461,0.06679078,1161.86059159,0.51429707,1.00046952,0.97740415,0.34319952
"2022-06-29 00:00",219.42050388,1.00402315,20063.20293626,0.46763168,0.06992819,1099.96195524,0.50066128,1.00107268,0.98093787,0.32874317
"2022-06-30 00:00",214.55589517,0.99840952,19095.96936694,0.44903333,0.06443092,1033.15541825,0.45875685,0.99574024,0.99483701,0.32385865
"2022-07-01 00:00",219.48108037,1.00064852,19456.02949699,0.45251316,0.06660731,1072.76985874,0.46401919,0.99942485,0.98795074,0.31610853
"2022-07-02 00:00",218.28454709,1.00113726,19301.51768714,0.45693164,0.06681832,1066.76868876,0.48306604,0.99382159,0.99186958,0.31595739
"2022-07-03 00:00",218.21295915,1.0021503,19165.38546292,0.45279895,0.06655415,1069.80400187,0.45620928,0.9985496,0.97200873,0.31806394
"2022-07-04 00:00",230.49025438,1.00268591,20032.62386437,0.46740272,0.0693333,1138.63788757,0.49527768,1.0000492,0.99124894,0.32307725
"2022-07-05 00:00",231.35247311,1.00170591,20274.31905532,0.45711635,0.06745425,1137.20453418,0.51314938,1.00104685,0.96598952,0.32562251
"2022-07-06 00:00",238.88151433,1.00018885,20592.93598634,0.46286302,0.06852785,1188.17495042,0.52373744,0.99887702,0.99010515,0.33287507
"2022-07-07 00:00",240.66239114,0.99813334,21560.73049919,0.47589554,0.07036682,1234.50481568,0.55959927,0.998731,0.99111231,0.34007588
"2022-07-08 00:00",242.27672193,0.9974198,21840.03154859,0.46865429,0.06943035,1232.86471007,0.60898785,0.99864643,0.99020579,0.34399091
"2022-07-09 00:00",245.02902647,0.99831994,21710.81886911,0.48085436,0.07001023,1220.51744653,0.59359466,0.99918661,0.98408657,0.34688473
"2022-07-10 00:00",233.34810227,0.9991398,20816.68566124,0.46216367,0.06696899,1164.50880767,0.56863145,0.9996131,0.98183275,0.32497555
"2022-07-11 00:00",229.65280543,1.0068165,20225.52234442,0.44126292,0.06293849,1113.5737396,0.57102302,1.00126657,1.00085807,0.31903541
"2022-07-12 00:00",223.43353685,1.00516126,19486.4417335,0.42448189,0.06088516,1050.32792814,0.55113952,0.99993176,1.00019137,0.31302259
"2022-07-13 00:00",229.46614906,1.00397713,19804.46429768,0.42761169,0.06188527,1088.68686206,0.61695381,1.00107763,1.00014276,0.32216858
"2022-07-14 00:00",237.31936762,0.99819453,20491.02899769,0.43876368,0.06204487,1177.27943396,0.69055531,0.9987347,0.99892838,0.33043356
"2022-07-15 00:00",238.30712949,0.99840409,20824.91863523,0.44219268,0.06321416,1232.95116754,0.70892328,0.99935499,0.99666896,0.33436869
"2022-07-16 00:00",248.67122611,0.99679419,21140.66375991,0.45448681,0.06399114,1346.98140011,0.72444364,0.99864651,0.98933803,0.34945576
"2022-07-17 00:00",248.30421006,0.99518382,20922.71131665,0.44696281,0.06193354,1346.41765955,0.76022193,0.99909116,0.99495133,0.34564215
"2022-07-18 00:00",261.85410625,1.00125354,22198.82591333,0.48789615,0.06686626,1540.66224904,0.94430239,0.99940651,0.99333979,0.36170369
"2022-07-19 00:00",269.15108663,1.00109943,23379.67133122,0.52117592,0.07018708,1548.16142824,0.92548063,1.00060841,0.99199931,0.37256484
"2022-07-20 00:00",263.282344,1.00345638,23481.44696639,0.50047521,0.07164508,1543.97816535,0.86860641,1.00083412,0.98807405,0.36810875
"2022-07-21 00:00",263.75178893,0.9974613,23028.22064773,0.49674095,0.06943963,1568.92629609,0.9010023,0.9989058,0.97906766,0.36479716
"2022-07-22 00:00",263.27445625,1.00228099,22763.5806671,0.48627122,0.06795237,1546.74348503,0.86175451,1.00026727,0.99502187,0.35933146
"2022-07-23 00:00",257.51430053,1.0023408,22441.89142555,0.50739917,0.06790419,1538.62546472,0.86082167,1.00015517,0.97609961,0.35643411
"2022-07-24 00:00",262.59410073,1.00267607,22636.82475074,0.51542873,0.06777455,1601.9272329,0.88306098,1.00024929,0.98407061,0.3595493
"2022-07-25 00:00",247.47038173,0.99858283,21524.95518272,0.47992598,0.06198914,1462.51920975,0.78736405,1.00057212,0.99603064,0.34000117
"2022-07-26 00:00",247.0198664,1.00029252,21133.82728589,0.46478618,0.06211182,1423.73966321,0.77182146,1.00004663,0.99680812,0.3346918
"2022-07-27 00:00",266.164255,0.99378279,22569.15265686,0.49938908,0.0653702,1594.91045983,0.86661957,0.99799208,0.99362176,0.35242336
"2022-07-28 00:00",279.91605355,0.99335968,23872.60144303,0.51471107,0.06881928,1731.25221245,0.93440359,0.99828557,0.98398278,0.37331764
"2022-07-29 00:00",295.66673737,0.99816036,23954.5579375,0.52758672,0.06977763,1745.06115335,0.9545224,0.99907605,0.98713466,0.37061892
"2022-07-30 00:00",289.79917058,1.00059305,24023.91404452,0.52920461,0.06968459,1707.17942316,0.93699357,1.00066413,0.9755323,0.39112935
"2022-07-31 00:00",284.17566964,1.00210015,23560.87800124,0.51817436,0.06857622,1695.85692997,0.93488685,1.00018697,0.97070623,0.3834106
"2022-08-01 00:00",281.90690445,1.00299925,23208.43575947,0.51057727,0.06823003,1633.11831562,0.89890415,0.99962896,0.98624934,0.37727192
"2022-08-02 00:00",286.76341858,1.0067962,23199.15644748,0.50232548,0.0673832,1653.4273285,0.89202972,1.00367516,0.98085595,0.37651279
"2022-08-03 00:00",299.72710284,1.00453863,23046.91406899,0.50440037,0.06667237,1631.46941412,0.899828,1.00183497,0.97633884,0.37333197
"2022-08-04 00:00",310.15443219,0.99759223,22538.43418085,0.49861239,0.06688366,1601.92930179,0.88889574,0.99777626,0.98783902,0.36900695
"2022-08-05 00:00",315.30863109,1.00372841,23248.13347872,0.51555134,0.0696881,1711.05509731,0.91837079,1.00193355,0.99887161,0.37438402
"2022-08-06 00:00",317.78100086,1.00434798,22985.65930116,0.51737765,0.06936361,1716.6619112,0.92016225,1.00087949,0.98031947,0.37562349
"2022-08-07 00:00",324.76415938,1.00290781,23218.12909713,0.52959671,0.06927689,1705.30306008,0.91130925,1.00221116,0.98005518,0.37421771
"2022-08-08 00:00",325.19222629,1.00160236,23809.20640854,0.53686266,0.07020139,1775.55863187,0.9239662,1.00074941,0.99043506,0.37915216
"2022-08-09 00:00",325.34310882,1.00408147,23227.50723874,0.50333245,0.06931304,1693.87036594,0.87505957,1.00229942,0.96209226,0.36192089
"2022-08-10 00:00",325.78586822,0.99193713,23762.46826748,0.49070577,0.07039407,1764.30470296,0.87318215,0.99811588,0.9518193,0.35872905
"2022-08-11 00:00",330.45912271,1.0035196,24233.71107643,0.50651712,0.07102626,1860.16073798,0.89203387,1.00284475,0.94673839,0.36481518
"2022-08-12 00:00",323.43942788,0.99753979,23759.76428976,0.51013586,0.07241722,1883.83592829,0.88316247,1.00088924,0.94801924,0.36017243
"2022-08-13 00:00",325.95990829,1.0002299,23743.54525384,0.51741449,0.07292006,1937.1708861,0.96811158,1.00029089,0.93625018,0.35942479
"2022-08-14 00:00",322.17555431,0.99937852,24290.06667104,0.52996468,0.08311017,1934.68744974,0.9564823,1.00077091,0.94822695,0.3642198
"2022-08-15 00:00",319.53208791,1.00244947,23917.89479092,0.51693937,0.0766621,1885.68691897,0.91765218,1.00134578,0.94386228,0.34819365
"2022-08-16 00:00",311.88756942,0.99946685,23151.6669403,0.47776865,0.08276338,1814.71249889,0.86524555,0.99858114,0.91622449,0.33815995
"2022-08-17 00:00",298.34222872,1.00104687,22684.47191874,0.46970056,0.06781829,1759.1196049,0.81127421,0.99897584,0.86750252,0.32623676
"2022-08-18 00:00",300.88575608,1.00906254,22971.50731147,0.45181847,0.0646881,1784.18055665,0.79080129,1.00287085,0.86981569,0.32360925
"2022-08-19 00:00",280.02687688,1.00467213,21236.4887155,0.43400445,0.06306397,1623.52947651,0.73559294,1.000962,0.84063221,0.31605895
"2022-08-20 00:00",282.45646509,1.00434133,21147.9254857,0.43244418,0.06591604,1558.76253679,0.74816548,1.00048211,0.93021392,0.32409391
"2022-08-21 00:00",300.19499347,1.00319194,21208.00908708,0.46072259,0.06874561,1589.25454591,0.79500929,1.00279023,0.85925678,0.3322287
"2022-08-22 00:00",287.45652611,1.00506219,21176.90147809,0.41264727,0.05865372,1556.87497518,0.7404599,1.00295166,0.85427869,0.2856233
"2022-08-23 00:00",298.12035097,0.99797458,21364.46057717,0.45487407,0.06653765,1613.85295768,0.80970523,0.99797802,0.90447702,0.34394038
"2022-08-24 00:00",297.00371856,1.00062645,20578.45699933,0.44167426,0.06502267,1610.81812524,0.65355452,0.99883802,0.91620067,0.33061824
"2022-08-25 00:00",302.87336845,1.00172683,21591.5825935,0.46578469,0.06830304,1695.14835617,0.80730492,0.99960812,0.99481089,0.34569969
"2022-08-26 00:00",285.27925353,1.00760952,20633.27896827,0.4381114,0.06501673,1553.14404302,0.78046731,1.00403457,0.95668571,0.3451615
"2022-08-27 00:00",273.63302394,1.01049166,19452.97049796,0.43592623,0.06288537,1443.28910433,0.79698109,1.00316138,0.93147057,0.33234992
"2022-08-28 00:00",280.39847271,1.01248088,19923.75935873,0.4253034,0.06323942,1465.94565045,0.79529224,1.00577325,0.94299003,0.32927172
"2022-08-29 00:00",282.19939309,0.99951673,19912.99259951,0.43287774,0.06154455,1482.770755,0.77735717,0.99965198,0.91714146,0.32444856
"2022-08-30 00:00",286.37270469,1.0059752,20028.70642421,0.45583569,0.06236328,1545.24992754,0.82539321,1.00483157,0.96798495,0.33032922
"2022-08-31 00:00",283.15978964,1.00171886,20210.50916799,0.45065794,0.06155374,1571.62965162,0.83314673,0.99904319,0.99412238,0.3309138
"2022-09-01 00:00",276.88071428,1.0041398,19940.4619539,0.46661426,0.06396912,1567.02904936,0.88169364,1.00245503,1.00161511,0.33166654
"2022-09-02 00:00",277.68539832,1.00474518,20116.20556479,0.45531878,0.06231371,1595.19659384,0.87978086,1.00205591,1.00488478,0.33129407
"2022-09-03 00:00",277.58284353,1.00337304,19864.40678562,0.48154105,0.06332226,1559.89039152,0.89469683,1.00134108,1.00228796,0.33241572
"2022-09-04 00:00",279.30794332,1.00345212,19882.20898303,0.48959151,0.06175019,1561.83712048,0.89090348,1.00184578,1.00781119,0.33208812
"2022-09-05 00:00",275.66585037,0.9983165,19790.6550469,0.49900114,0.06346261,1596.23750492,0.89107188,0.99854029,0.99786338,0.33836807
"2022-09-06 00:00",273.14224193,1.00631445,19435.58192516,0.47259221,0.0603957,1623.57722053,0.85070949,1.00162028,1.00293713,0.33085568
"2022-09-07 00:00",273.85582717,0.99434635,19023.61634025,0.48426203,0.06444504,1576.24678215,0.84919906,0.99596449,0.99615991,0.34240749
"2022-09-08 00:00",280.40839591,1.00164667,19299.62510474,0.47901234,0.06171146,1634.01132442,0.85053326,1.00037263,1.001194,0.34163085
"2022-09-09 00:00",292.13248034,0.99943335,21005.97509484,0.49945393,0.06443052,1708.88788844,0.88968407,0.99973616,0.99810576,0.35663122
"2022-09-10 00:00",295.42727501,1.00052583,21367.92992209,0.5128825,0.06487579,1733.20879984,0.90433988,0.99989856,0.99533904,0.35773813
"2022-09-11 00:00",294.7976616,0.99736472,21537.49471534,0.50954628,0.06400268,1751.59180177,0.89498799,0.99840634,0.99382236,0.35544888
"2022-09-12 00:00",294.85041307,1.00283915,22203.14389545,0.5047152,0.06595872,1717.70688849,0.94280683,1.00118745,0.99589748,0.36254869
"2022-09-13 00:00",283.92124095,1.02117067,21030.52501025,0.4751587,0.06028312,1619.0050037,0.86553749,1.01030526,1.00751334,0.34494014
"2022-09-14 00:00",280.66915953,1.00111576,20224.26183102,0.49130157,0.06121731,1605.80343587,0.8695101,1.00111968,1.00049792,0.34240823
"2022-09-15 00:00",273.23940992,1.00960874,19932.2622278,0.46894388,0.0599345,1520.28669609,0.83573097,1.00174475,1.00078637,0.3301642
"2022-09-16 00:00",276.37918255,1.00035895,19730.89988199,0.47340179,0.06208494,1444.44929554,0.8246029,0.99009412,0.99847364,0.36021089
"2022-09-17 00:00",278.40614803,0.9982369,19978.08240972,0.48472911,0.06241047,1452.90395839,0.83362555,0.99961366,0.99791,0.37800824
"2022-09-18 00:00",271.71026312,1.00088168,19745.71694327,0.4527484,0.05843763,1368.00214896,0.77468522,0.99879857,0.99902553,0.37471314
"2022-09-19 00:00",268.05253178,0.99512193,19154.09684602,0.45133915,0.05846127,1350.200604,0.7630937,0.99785572,0.99957858,0.38388505
"2022-09-20 00:00",268.67329474,1.00135759,19079.77645064,0.4422714,0.05879214,1344.96606696,0.74511548,1.00121888,1.00101335,0.41168611
"2022-09-21 00:00",267.89230259,1.0087479,18998.54786886,0.44122629,0.05837496,1314.27725304,0.71714988,1.00362525,1.00486766,0.4014397
"2022-09-22 00:00",272.34414478,1.00483159,19213.50719944,0.46014496,0.05790444,1321.18213806,0.75426638,1.00291247,1.01518671,0.44086465
"2022-09-23 00:00",275.78545486,1.00862681,19229.70849392,0.46529467,0.06411335,1346.77349452,0.77299896,1.00303577,1.01069683,0.50569059
"2022-09-24 00:00",280.43549206,1.00833225,19201.86919519,0.46266374,0.06671815,1351.10689522,0.79911712,1.00124949,1.01309062,0.51485689
"2022-09-25 00:00",277.25330091,1.01176948,19170.9546393,0.45147569,0.06213778,1322.98219101,0.7510721,1.00732556,1.01491194,0.50388211
"2022-09-26 00:00",276.04502596,1.00277987,19261.72525741,0.44679338,0.06183918,1343.77960198,0.76188508,1.00383723,1.01531667,0.47331247
"2022-09-27 00:00",276.40214212,1.00663601,19569.05476993,0.44765316,0.06170072,1381.358715,0.75414583,1.00229195,1.02170587,0.46407945
"2022-09-28 00:00",273.33659325,0.98605305,19361.19728949,0.4255697,0.05975959,1333.97509402,0.73530963,0.99137709,1.01216492,0.44195265
"2022-09-29 00:00",282.64995439,0.99028943,19454.79358424,0.43367763,0.06012186,1337.49869383,0.76272473,0.99228157,0.99679111,0.46094686
"2022-09-30 00:00",282.61191033,0.99953774,19507.18800289,0.43217859,0.06108783,1334.67104961,0.77404732,0.99753435,1.01118512,0.48048781
"2022-10-01 00:00",281.2089026,1.00155142,19356.66262551,0.42654546,0.06017126,1312.10505782,0.7602339,0.9983881,1.01736417,0.47149848
"2022-10-02 00:00",284.32799213,1.00429378,19168.62714605,0.42365838,0.06010766,1294.52551691,0.78171472,0.99921319,1.00486102,0.45525897
"2022-10-03 00:00",284.55603595,0.9911897,19500.15429857,0.42150148,0.06008996,1318.77213223,0.79139495,0.99344308,1.00256514,0.45598973
"2022-10-04 00:00",293.14409287,0.99578818,20071.89037767,0.43352364,0.06497668,1352.33160076,0.83538614,0.99654827,0.99688973,0.48017487
"2022-10-05 00:00",293.35680795,1.00017474,20206.71576154,0.43163936,0.06476298,1356.06975648,0.85441405,1.0005608,1.0013026,0.49420211
"2022-10-06 00:00",291.52431743,1.00731311,20175.53821525,0.42991221,0.06391983,1371.81300092,0.83781104,1.00425486,1.00627012,0.49867845
"2022-10-07 00:00",284.4595843,1.00751114,19759.85264108,0.42602895,0.06302962,1354.18734991,0.83874386,1.00256515,1.00512504,0.52056709
"2022-10-08 00:00",281.61327436,1.00826666,19650.71188834,0.42399121,0.06243371,1336.40708786,0.82632064,1.00254308,1.0117589,0.52089027
"2022-10-09 00:00",279.30030426,1.00831984,19579.47753392,0.42666734,0.06278344,1343.28060674,0.83545815,1.00426816,1.01194313,0.53996271
"2022-10-10 00:00",276.09773161,1.00754976,19322.22948263,0.40467721,0.05911101,1336.98917355,0.80390958,1.00028435,1.00536549,0.50281378
"2022-10-11 00:00",271.86989234,1.00597109,19135.95245779,0.39849722,0.0605689,1304.72629219,0.80823199,1.00055169,1.0180374,0.50107867
"2022-10-12 00:00",269.14649665,1.00098038,19241.98289294,0.37979749,0.05924691,1304.40588906,0.78327252,0.99916897,1.00589037,0.48650316
"2022-10-13 00:00",269.63071508,0.99939095,19284.62456416,0.37823472,0.05829872,1295.19659669,0.77884695,0.99886104,1.00773533,0.48234245
"2022-10-14 00:00",268.65494225,1.00369306,19543.20036687,0.36885169,0.05881734,1344.56674272,0.7950055,0.98027478,1.01747746,0.49018358
"2022-10-15 00:00",270.44201158,1.00636038,19423.44225307,0.36845689,0.05940197,1325.24209909,0.80338176,1.00115839,1.01152344,0.48871828
"2022-10-16 00:00",272.58396026,1.00900923,19465.74467867,0.37414394,0.05949933,1327.83834189,0.8094112,1.00016776,1.00197161,0.48256265
"2022-10-17 00:00",273.62358735,0.99495414,19610.19914018,0.37290493,0.06004044,1338.66208238,0.84789197,0.99625697,1.00004175,0.47950403
"2022-10-18 00:00",273.03424017,0.99982509,19551.05277387,0.36218801,0.05962749,1324.62850621,0.85976592,0.99871837,1.00317213,0.46557807
"2022-10-19 00:00",272.51401599,1.00371254,19388.91976966,0.35227756,0.05907873,1313.76989221,0.8528183,1.00126378,1.00623706,0.45561043
"2022-10-20 00:00",270.56746421,1.00534046,19297.99044869,0.34184763,0.05982848,1307.87525517,0.8156392,1.00186967,1.00634936,0.45019697
"2022-10-21 00:00",268.16755412,0.98942483,19194.00139435,0.33936762,0.05765927,1289.47697522,0.82010629,0.99086302,0.99749485,0.44843002
"2022-10-22 00:00",268.48559183,0.98870369,19274.55365376,0.34552791,0.05844484,1322.24548448,0.81120841,0.99577449,0.99673796,0.45719743
"2022-10-23 00:00",270.71763366,0.98722128,19502.13437627,0.35826125,0.05946479,1347.89203041,0.88317236,0.99643736,0.99362744,0.46549248
"2022-10-24 00:00",273.33238292,1.00260388,19499.53342456,0.35918967,0.05949248,1367.20702159,0.7247378,1.00049165,1.00562798,0.45543648
"2022-10-25 00:00",281.58562643,0.99293267,19962.50366277,0.40271926,0.06270954,1460.82076695,0.9169631,0.99580657,0.99783569,0.45751009
"2022-10-26 00:00",284.94818921,0.99841388,20494.40593712,0.39669521,0.0714402,1538.359858,0.92248715,0.99787027,0.99707561,0.45780015
"2022-10-27 00:00",284.03467546,1.00383456,20437.68616303,0.37624346,0.07629175,1530.27617291,0.88464644,1.00172947,1.00127067,0.44628338
"2022-10-28 00:00",292.50668763,0.99789795,20529.13184553,0.37220593,0.07954212,1523.2097947,0.93262263,0.99957808,0.99929832,0.43317437
"2022-10-29 00:00",299.81031971,0.99983596,20340.94633595,0.40670325,0.12007682,1596.15950416,0.89953875,0.99940616,1.00082126,0.45515065
"2022-10-30 00:00",309.95567451,1.00020947,20604.70272708,0.3998262,0.11659245,1592.23001228,0.89845566,0.99991564,1.00070244,0.44964312
"2022-10-31 00:00",329.30175656,0.99422243,20510.61680007,0.41570852,0.12748021,1584.41912483,0.9237099,1.00021149,1.00385583,0.47714803
"2022-11-01 00:00",320.62434581,1.0069616,20522.78109868,0.37365278,0.13935838,1576.6861415,0.88588234,1.00313464,1.00397473,0.42294874
"2022-11-02 00:00",321.98240483,1.01008557,20475.37752863,0.38711633,0.13096948,1558.85646376,0.8713977,1.0040402,1.01824847,0.4561454
"2022-11-03 00:00",330.06251191,1.00280088,20369.0329368,0.38789438,0.12495791,1561.71529836,0.95866619,1.00070919,1.00705384,0.45231745
"2022-11-04 00:00",349.32333096,0.99587693,20983.06785651,0.41914637,0.12465358,1634.33716437,1.13589158,0.99761871,0.99947884,0.49586883
"2022-11-05 00:00",349.82653115,1.00128752,21296.81080038,0.42357665,0.12426224,1637.29680442,1.16749733,0.99798674,0.99994746,0.49170718
"2022-11-06 00:00",348.02791196,1.00278176,21213.17336179,0.40706021,0.11636645,1614.98609725,1.14758699,0.99899698,1.00465002,0.47389052
"2022-11-07 00:00",336.02022942,1.00945535,20692.80301573,0.40138769,0.10901334,1577.76351954,1.22503757,1.00146512,0.99906659,0.4611049
"2022-11-08 00:00",326.83335249,1.00012115,18722.93351128,0.37135497,0.08756527,1379.97955597,1.03477488,0.9991004,0.99778188,0.40044755
"2022-11-09 00:00",278.43771289,1.01290911,16969.00874235,0.31714914,0.07438621,1164.18279684,0.81400119,1.00152177,1.00074083,0.35445025
"2022-11-10 00:00",294.01589494,0.98297517,17248.43558911,0.36184297,0.08712096,1276.10699937,1.08034395,0.99189612,0.98956269,0.38191233
"2022-11-11 00:00",284.56990359,0.99776019,16764.9786332,0.34982151,0.08355364,1256.38520727,1.03981026,0.99666344,0.99642729,0.37674845
"2022-11-12 00:00",279.37330458,0.9975351,16609.2088953,0.33823757,0.08834924,1254.97613083,0.93883733,0.9967757,0.99552431,0.36448526
"2022-11-13 00:00",274.16507678,1.00020389,16443.30047411,0.32237144,0.08308042,1219.02020643,0.86330035,0.99733058,0.9970442,0.33044504
"2022-11-14 00:00",274.045578,1.00271823,16502.40126313,0.32449696,0.08373352,1230.09167786,0.8923018,0.99890615,0.99967282,0.36120533
"2022-11-15 00:00",268.90493558,1.00467405,16851.74234148,0.32630674,0.08405108,1244.03013459,0.88706816,1.00088235,1.00095093,0.36791869
"2022-11-16 00:00",260.86167706,1.00427103,16295.94660425,0.31444428,0.08337831,1188.84514762,0.85314253,0.9995319,0.99940847,0.34756091
"2022-11-17 00:00",258.08044887,0.99226472,16450.1922763,0.31728396,0.08389285,1192.18835243,0.86618051,0.99672023,0.99766994,0.3671562
"2022-11-18 00:00",277.38847519,1.00613366,16742.70938394,0.335561,0.0852979,1217.24055232,0.8615275,0.99992098,1.00033306,0.3975188
"2022-11-19 00:00",271.14357049,1.00520044,16495.37227757,0.33149061,0.08431379,1202.01044915,0.87028493,1.00118593,0.99952026,0.3913772
"2022-11-20 00:00",267.88622666,1.00515931,16521.34802514,0.30632072,0.07698545,1174.09695289,0.7775559,0.99998981,0.99548833,0.36778571
"2022-11-21 00:00",251.53402393,1.00548758,15794.82687461,0.30342955,0.07409568,1099.0093742,0.77814,1.00094746,0.99311125,0.36470253
"2022-11-22 00:00",264.52690262,1.00085498,15982.40806246,0.31068503,0.07816119,1123.34184426,0.83877028,0.99887482,0.99732633,0.37652269
"2022-11-23 00:00",294.19669113,0.99587898,16460.43742248,0.31589717,0.08129683,1165.72414635,0.85368397,0.99671813,0.99722232,0.37774931
"2022-11-24 00:00",294.96818238,0.99115809,16506.70087771,0.31608744,0.08105923,1178.75460255,0.8554229,0.99395065,0.99474166,0.3782366
