Date,Close(CCI30 index)
27/11/2022,6414.73
26/11/2022,6397.99
25/11/2022,6372.01
24/11/2022,6406.29
23/11/2022,6378.93
22/11/2022,6099.05
21/11/2022,5897.49
20/11/2022,6044
19/11/2022,6348.67
18/11/2022,6346.2
17/11/2022,6293.91
16/11/2022,6331.06
15/11/2022,6450.05
14/11/2022,6346.46
13/11/2022,6231.14
12/11/2022,6427.02
11/11/2022,6660.54
10/11/2022,6892.55
09/11/2022,5955.13
08/11/2022,7162.62
07/11/2022,8161.02
06/11/2022,8154.37
05/11/2022,8509.67
04/11/2022,8474.88
03/11/2022,7894.35
02/11/2022,7782.64
01/11/2022,8007.54
31/10/2022,8017.34
30/10/2022,7969.16
29/10/2022,8049.14
28/10/2022,7769.41
27/10/2022,7532.58
26/10/2022,7685.57
25/10/2022,7427.51
24/10/2022,7045.32
23/10/2022,7160.93
22/10/2022,6988.8
21/10/2022,6953.59
20/10/2022,6879.51
19/10/2022,6949.14
18/10/2022,7100.02
17/10/2022,7201.64
16/10/2022,7071.32
15/10/2022,6976.96
14/10/2022,7043.15
13/10/2022,7052.68
12/10/2022,7087.29
11/10/2022,7071.59
10/10/2022,7177.36
09/10/2022,7424.12
08/10/2022,7361.98
07/10/2022,7431.52
06/10/2022,7489.72
05/10/2022,7571.45
04/10/2022,7597.5
03/10/2022,7382.34
02/10/2022,7193.71
01/10/2022,7338.08
30/09/2022,7393.74
29/09/2022,7431.4
28/09/2022,7345.71
27/09/2022,7304.55
26/09/2022,7383.25
25/09/2022,7308.52
24/09/2022,7386.42
23/09/2022,7509.82
22/09/2022,7436.58
21/09/2022,6991.46
20/09/2022,7175.77
19/09/2022,7338.76
18/09/2022,7163.09
17/09/2022,7709.94
16/09/2022,7491.91
15/09/2022,7454.07
14/09/2022,7787.14
13/09/2022,7684.69
12/09/2022,8335.63
11/09/2022,8290.03
10/09/2022,8319.18
09/09/2022,8202.68
08/09/2022,7710.65
07/09/2022,7628.71
06/09/2022,7334.89
05/09/2022,7773.28
04/09/2022,7741.42
03/09/2022,7628.27
02/09/2022,7636.56
01/09/2022,7686.53
31/08/2022,7585.93
30/08/2022,7527.2
29/08/2022,7660.9
28/08/2022,7268.51
27/08/2022,7491.84
26/08/2022,7510.32
25/08/2022,8181.09
24/08/2022,8073.9
23/08/2022,8127.07
22/08/2022,7999.27
21/08/2022,8049
20/08/2022,7837.83
19/08/2022,7834.43
18/08/2022,8684.78
17/08/2022,8876.37
16/08/2022,9169.02
15/08/2022,9211.69
14/08/2022,9384.99
13/08/2022,9404.15
12/08/2022,9381.08
11/08/2022,9171.15
10/08/2022,9193.04
09/08/2022,8786.6
08/08/2022,9061.22
07/08/2022,8810.44
06/08/2022,8701.74
05/08/2022,8826.5
04/08/2022,8449.79
03/08/2022,8373.1
02/08/2022,8343.73
01/08/2022,8484.76
31/07/2022,8511.82
30/07/2022,8630.67
29/07/2022,8678.29
28/07/2022,8649.69
27/07/2022,8234.57
26/07/2022,7457.84
25/07/2022,7474.71
24/07/2022,8098.71
23/07/2022,7997.49
22/07/2022,7992.75
21/07/2022,8203.12
20/07/2022,7999.6
19/07/2022,8269.02
18/07/2022,8107.03
17/07/2022,7284.7
16/07/2022,7398.55
15/07/2022,7085.51
14/07/2022,7011.97
13/07/2022,6755.92
12/07/2022,6409.48
11/07/2022,6603.41
10/07/2022,6994.03
09/07/2022,7263.99
08/07/2022,7197.54
07/07/2022,7258.21
06/07/2022,6970.45
05/07/2022,6806.72
04/07/2022,6892.74
03/07/2022,6553.73
02/07/2022,6534.25
01/07/2022,6482.42
30/06/2022,6621.5
29/06/2022,6702.96
28/06/2022,6802.49
27/06/2022,7123.12
26/06/2022,7199.58
25/06/2022,7454.66
24/06/2022,7357.28
23/06/2022,7042.45
22/06/2022,6597.77
21/06/2022,6835.11
20/06/2022,6685.03
19/06/2022,6602.83
18/06/2022,6086.34
17/06/2022,6466.53
16/06/2022,6318.55
15/06/2022,7108.61
14/06/2022,6713.65
13/06/2022,6635.63
12/06/2022,7571.8
11/06/2022,8066.53
10/06/2022,8579.81
09/06/2022,9077.59
08/06/2022,9058.09
07/06/2022,9200.85
06/06/2022,9360.67
05/06/2022,9038.52
04/06/2022,9055.16
03/06/2022,8966.46
02/06/2022,9304.32
01/06/2022,9054.9
31/05/2022,9844.15
30/05/2022,9846.91
29/05/2022,9079.15
28/05/2022,8784.54
27/05/2022,8694.28
26/05/2022,8963.73
25/05/2022,9464.21
24/05/2022,9583.29
23/05/2022,9409.85
22/05/2022,9775.61
21/05/2022,9479.48
20/05/2022,9341.15
19/05/2022,9646.09
18/05/2022,9172.99
17/05/2022,10019.4
16/05/2022,9655.96
15/05/2022,10310.3
14/05/2022,9817.25
13/05/2022,9538.67
12/05/2022,8978.73
11/05/2022,9352.45
10/05/2022,11275.7
09/05/2022,10936.6
08/05/2022,12916.4
07/05/2022,13341.1
06/05/2022,13743.8
05/05/2022,13856.5
04/05/2022,15132.2
03/05/2022,14024.3
02/05/2022,14203.5
01/05/2022,14281.2
30/04/2022,13799.9
29/04/2022,14620.9
28/04/2022,15270.7
27/04/2022,15213.7
26/04/2022,14875.4
25/04/2022,15982.9
24/04/2022,15655
23/04/2022,15811.3
22/04/2022,15974.1
21/04/2022,16072.7
20/04/2022,16536.6
19/04/2022,16757.6
18/04/2022,16401.1
17/04/2022,15942.3
16/04/2022,16424.7
15/04/2022,16361.5
14/04/2022,16122.2
13/04/2022,16576.1
12/04/2022,16186.2
11/04/2022,15679.5
10/04/2022,17027.5
09/04/2022,17356.7
08/04/2022,17053.9
07/04/2022,17755.7
06/04/2022,17270.1
05/04/2022,18742
04/04/2022,19188.2
03/04/2022,19390.6
02/04/2022,18943.9
01/04/2022,19024.4
31/03/2022,18480.6
30/03/2022,19034.9
29/03/2022,18921.7
28/03/2022,18499.6
27/03/2022,18551.2
26/03/2022,17654.7
25/03/2022,17377.9
24/03/2022,17627.8
23/03/2022,17142.4
22/03/2022,16660
21/03/2022,16240
20/03/2022,15996.7
19/03/2022,16459.7
18/03/2022,16143.2
17/03/2022,15745.3
16/03/2022,15769.1
15/03/2022,15022.7
14/03/2022,15027.7
13/03/2022,14564.4
12/03/2022,14965.6
11/03/2022,14943.8
10/03/2022,15203.2
09/03/2022,15937.2
08/03/2022,14926.1
07/03/2022,14663.6
06/03/2022,14921.6
05/03/2022,15594.8
04/03/2022,15239.8
03/03/2022,16427.8
02/03/2022,16920.6
01/03/2022,17069.4
28/02/2022,16834.3
27/02/2022,14991.9
26/02/2022,15710.9
25/02/2022,15654.7
24/02/2022,14868.8
23/02/2022,14773.5
22/02/2022,15062
21/02/2022,14465.2
20/02/2022,15325.8
19/02/2022,16132.3
18/02/2022,16098.7
17/02/2022,16342.1
16/02/2022,17768.2
15/02/2022,18003.8
14/02/2022,16838.8
13/02/2022,16734.4
12/02/2022,16865.5
11/02/2022,16803.6
10/02/2022,17802.4
09/02/2022,18559
08/02/2022,18240.1
07/02/2022,18463.7
06/02/2022,17554.2
05/02/2022,17014.1
04/02/2022,16766.9
03/02/2022,15315.7
02/02/2022,15152.4
01/02/2022,15982
31/01/2022,15681.4
30/01/2022,15260.4
29/01/2022,15533.1
28/01/2022,15253.6
27/01/2022,14972.1
26/01/2022,15122.2
25/01/2022,15232.7
24/01/2022,15020.6
23/01/2022,15482.9
22/01/2022,14647.1
21/01/2022,15810.7
20/01/2022,18146
19/01/2022,18869.6
18/01/2022,19453.4
17/01/2022,19755.7
16/01/2022,20516.8
15/01/2022,20298.1
14/01/2022,20160.3
13/01/2022,19667.8
12/01/2022,20434
11/01/2022,19414.5
10/01/2022,18511.4
09/01/2022,18960.2
08/01/2022,18615.3
07/01/2022,19074.1
06/01/2022,20251.1
05/01/2022,20314.3
04/01/2022,21587.3
03/01/2022,21833.7
02/01/2022,22079.9
01/01/2022,22014.2
31/12/2021,21233.1
30/12/2021,21461.3
29/12/2021,21031.4
28/12/2021,21637.4
27/12/2021,23270.4
26/12/2021,23448.6
25/12/2021,23047.7
24/12/2021,22690.3
23/12/2021,23038.7
22/12/2021,21681.9
21/12/2021,21386
20/12/2021,20496.6
19/12/2021,20587.8
18/12/2021,20730.2
17/12/2021,20107.8
16/12/2021,20457.7
15/12/2021,20989.2
14/12/2021,19656.3
13/12/2021,19455.9
12/12/2021,21485.3
11/12/2021,21263.6
10/12/2021,20329.4
09/12/2021,21118
08/12/2021,22813.2
07/12/2021,22179.8
06/12/2021,22145.3
05/12/2021,21509.5
04/12/2021,22048.7
03/12/2021,23924
02/12/2021,25163.3
01/12/2021,25331.7
30/11/2021,25253.3
29/11/2021,25005.6
28/11/2021,24283.2
27/11/2021,23604.9
26/11/2021,23071.3
25/11/2021,24812
24/11/2021,24509.8
23/11/2021,25350.1
22/11/2021,24624.8
21/11/2021,25619
20/11/2021,26005.5
19/11/2021,25361.9
18/11/2021,23894.2
17/11/2021,25718.5
16/11/2021,25510.9
15/11/2021,27523.7
14/11/2021,28179.3
13/11/2021,28137
12/11/2021,27744.4
11/11/2021,28276.4
10/11/2021,27796
09/11/2021,29019.2
08/11/2021,29215.8
07/11/2021,27957.5
06/11/2021,27484.1
05/11/2021,27257.7
04/11/2021,27208.7
03/11/2021,27538.2
02/11/2021,27180.4
01/11/2021,26413.6
31/10/2021,26109.5
30/10/2021,26018.9
29/10/2021,26484.4
28/10/2021,25772.5
27/10/2021,24194.5
26/10/2021,26086.9
25/10/2021,26485.6
24/10/2021,25648.3
23/10/2021,25985.3
22/10/2021,25442.1
21/10/2021,25466
20/10/2021,26282.9
19/10/2021,25070.3
18/10/2021,24621.9
17/10/2021,24727.1
16/10/2021,24850.1
15/10/2021,24992
14/10/2021,24189.8
13/10/2021,23988.1
12/10/2021,23235.1
11/10/2021,23492
10/10/2021,23099.4
09/10/2021,24051.3
08/10/2021,23583.7
07/10/2021,23734.9
06/10/2021,23804
05/10/2021,23526.7
04/10/2021,22792.5
03/10/2021,22946.1
02/10/2021,22644.6
01/10/2021,22400.3
30/09/2021,20730.9
29/09/2021,19606.1
28/09/2021,19101.6
27/09/2021,19752.4
26/09/2021,20318.2
25/09/2021,20221.9
24/09/2021,20356.9
23/09/2021,21790.5
22/09/2021,21311.5
21/09/2021,19115.8
20/09/2021,20181.4
19/09/2021,22928.6
18/09/2021,23649
17/09/2021,23129.5
16/09/2021,23862
15/09/2021,24278.9
14/09/2021,23535.4
13/09/2021,22716.7
12/09/2021,23720.6
11/09/2021,22942.5
10/09/2021,22507.6
09/09/2021,23641.8
08/09/2021,23401.1
07/09/2021,23143.1
06/09/2021,27048
05/09/2021,26737.9
04/09/2021,25652.8
03/09/2021,25520.6
02/09/2021,24810.1
01/09/2021,24650.1
31/08/2021,23645.1
30/08/2021,22884.3
29/08/2021,23481.7
28/08/2021,23508.8
27/08/2021,23710.5
26/08/2021,22076.5
25/08/2021,23352.8
24/08/2021,22756.2
23/08/2021,24315
22/08/2021,23670.2
21/08/2021,23363.2
20/08/2021,23780.8
19/08/2021,22788
18/08/2021,21448.7
17/08/2021,21145.4
16/08/2021,22300
15/08/2021,22837.2
14/08/2021,22302
13/08/2021,22120.6
12/08/2021,20249.1
11/08/2021,20818.9
10/08/2021,20093.1
09/08/2021,19858.2
08/08/2021,18818.8
07/08/2021,19690.4
06/08/2021,18385.2
05/08/2021,17814.5
04/08/2021,17392.6
03/08/2021,16621.2
02/08/2021,17011
01/08/2021,17004.3
31/07/2021,17576.8
30/07/2021,17383.8
29/07/2021,16773.6
28/07/2021,16499
27/07/2021,16297.1
26/07/2021,15768.2
25/07/2021,15330.4
24/07/2021,15148.3
23/07/2021,14806.6
22/07/2021,14294.6
21/07/2021,13990.8
20/07/2021,12697.5
19/07/2021,13234.5
18/07/2021,13951.4
17/07/2021,13870.4
16/07/2021,13808.9
15/07/2021,14272.9
14/07/2021,14835.5
13/07/2021,14821.4
12/07/2021,15267.7
11/07/2021,15787.3
10/07/2021,15538.5
09/07/2021,15786
08/07/2021,15439.3
07/07/2021,16342.9
06/07/2021,16440.2
05/07/2021,15926.1
04/07/2021,16643.1
03/07/2021,16281.5
02/07/2021,15880.1
01/07/2021,15741.9
30/06/2021,16876.6
29/06/2021,16794.5
28/06/2021,16080.4
27/06/2021,15817.7
26/06/2021,14868.9
25/06/2021,14703.6
24/06/2021,16137.1
23/06/2021,15476.7
22/06/2021,14294.5
21/06/2021,14434.2
20/06/2021,17826.5
19/06/2021,17670.2
18/06/2021,17995.6
17/06/2021,19113.5
16/06/2021,19046.5
15/06/2021,20390
14/06/2021,20303.9
13/06/2021,19668.2
12/06/2021,18351.7
11/06/2021,18637.4
10/06/2021,19324.1
09/06/2021,20240.7
08/06/2021,19010.4
07/06/2021,19038.3
06/06/2021,20667.7
05/06/2021,20338.5
04/06/2021,20898.8
03/06/2021,22449.5
02/06/2021,21330.9
01/06/2021,20374.6
31/05/2021,20967.6
30/05/2021,19128.7
29/05/2021,18265
28/05/2021,19277.5
27/05/2021,21177.8
26/05/2021,22122
25/05/2021,20507.1
24/05/2021,20630.3
23/05/2021,16963.8
22/05/2021,19061.4
21/05/2021,20180.8
20/05/2021,23193.7
19/05/2021,20193.8
18/05/2021,28581.7
17/05/2021,27950.4
16/05/2021,30062.6
15/05/2021,29930.1
14/05/2021,31842.2
13/05/2021,30085
12/05/2021,28576.2
11/05/2021,33336.6
10/05/2021,31196.7
09/05/2021,33483.9
08/05/2021,33384.3
07/05/2021,32819.8
06/05/2021,32591.8
05/05/2021,32580.5
04/05/2021,28941.1
03/05/2021,30500.8
02/05/2021,29073.9
01/05/2021,29539.3
30/04/2021,29379.7
29/04/2021,27671.2
28/04/2021,27981.9
27/04/2021,27588.7
26/04/2021,26623.3
25/04/2021,23830.1
24/04/2021,23755.4
23/04/2021,24823.4
22/04/2021,25027.5
21/04/2021,26552.7
20/04/2021,27673.4
19/04/2021,27187.7
18/04/2021,27490.5
17/04/2021,29067.1
16/04/2021,30244.1
15/04/2021,28970.4
14/04/2021,27937.9
13/04/2021,27101.6
12/04/2021,25332.7
11/04/2021,25081.4
10/04/2021,24569.7
09/04/2021,23353.5
08/04/2021,23357.8
07/04/2021,21959.2
06/04/2021,23717.7
05/04/2021,23269.7
04/04/2021,22411.5
03/04/2021,21251.8
02/04/2021,22014.3
01/04/2021,21267.5
31/03/2021,21192.3
30/03/2021,20640.5
29/03/2021,20202.8
28/03/2021,19487.7
27/03/2021,19390
26/03/2021,19393.6
25/03/2021,18026
24/03/2021,18067.6
23/03/2021,19050.8
22/03/2021,18858.8
21/03/2021,19562.1
20/03/2021,19658.2
19/03/2021,19687.2
18/03/2021,19291.6
17/03/2021,19631
16/03/2021,18784.3
15/03/2021,18245.1
14/03/2021,18933
13/03/2021,19571.2
12/03/2021,18489.4
11/03/2021,19000.9
10/03/2021,18698.9
09/03/2021,18991.7
08/03/2021,18088
07/03/2021,17623.6
06/03/2021,16936
05/03/2021,16750
04/03/2021,16833
03/03/2021,17345.6
02/03/2021,16679.1
01/03/2021,16937.7
28/02/2021,15546
27/02/2021,16399.3
26/02/2021,16023.5
25/02/2021,16031.3
24/02/2021,17079.6
23/02/2021,16526.4
22/02/2021,18935.2
21/02/2021,19903.5
20/02/2021,19222.1
19/02/2021,19741.7
18/02/2021,17702.2
17/02/2021,17326.7
16/02/2021,16327.1
15/02/2021,16160.4
14/02/2021,16457.4
13/02/2021,16630
12/02/2021,16205.7
11/02/2021,15439.7
10/02/2021,14695.9
09/02/2021,14350.3
08/02/2021,13594.6
07/02/2021,12241.4
06/02/2021,12328.2
05/02/2021,12244
04/02/2021,11404.5
03/02/2021,11605.4
02/02/2021,10952.4
01/02/2021,10489.3
31/01/2021,10218.2
30/01/2021,10704.3
29/01/2021,10304.4
28/01/2021,9749.54
27/01/2021,9360.43
26/01/2021,10042.5
25/01/2021,9944.53
24/01/2021,10150.9
23/01/2021,9852.02
22/01/2021,9810.43
21/01/2021,9107.73
20/01/2021,10592.1
19/01/2021,10574.6
18/01/2021,10554.7
17/01/2021,10316.9
16/01/2021,10271
15/01/2021,9957
14/01/2021,10315
13/01/2021,9867.27
12/01/2021,9014.23
11/01/2021,9264.21
10/01/2021,10392.1
09/01/2021,10674.3
08/01/2021,10176.8
07/01/2021,10152.1
06/01/2021,9944.13
05/01/2021,8943.83
04/01/2021,8525.82
03/01/2021,8481
02/01/2021,7866.09
01/01/2021,7519.95
31/12/2020,7496.94
30/12/2020,7605.17
29/12/2020,7501.8
28/12/2020,7161.1
27/12/2020,7161.1
26/12/2020,7141.45
25/12/2020,6924.75
24/12/2020,6752.63
23/12/2020,6312.55
22/12/2020,7011.91
21/12/2020,6850.82
20/12/2020,7182.61
19/12/2020,7301.34
18/12/2020,7180.61
17/12/2020,7066.11
16/12/2020,6890.97
15/12/2020,6347.39
14/12/2020,6337.37
13/12/2020,6341.17
12/12/2020,6167.74
11/12/2020,5958.21
10/12/2020,6076.35
09/12/2020,6224.07
08/12/2020,6104.35
07/12/2020,6470.3
06/12/2020,6547.6
05/12/2020,6509.51
04/12/2020,6267.95
03/12/2020,6659.6
02/12/2020,6565.64
01/12/2020,6394.38
30/11/2020,6746.8
29/11/2020,6407.27
28/11/2020,6283.22
27/11/2020,5996.27
26/11/2020,5923.25
25/11/2020,6635.74
24/11/2020,6956.1
23/11/2020,6554.24
22/11/2020,6037.29
21/11/2020,6182.98
20/11/2020,5704.23
19/11/2020,5438.29
18/11/2020,5424.32
17/11/2020,5458.99
16/11/2020,5189.27
15/11/2020,4992.83
14/11/2020,5077.32
13/11/2020,5161.99
12/11/2020,5047.12
11/11/2020,5012.14
10/11/2020,4960.63
09/11/2020,4925.71
08/11/2020,5001.56
07/11/2020,4808.21
06/11/2020,5023.07
05/11/2020,4780.26
04/11/2020,4526.32
03/11/2020,4504.53
02/11/2020,4643
01/11/2020,4643
31/10/2020,4612.08
30/10/2020,4614.52
29/10/2020,4648.99
28/10/2020,4692.52
27/10/2020,4816.23
26/10/2020,4763.98
25/10/2020,4823.79
24/10/2020,4884.78
23/10/2020,4809.44
22/10/2020,4821.59
21/10/2020,4694.96
20/10/2020,4445.95
19/10/2020,4552.19
18/10/2020,4533.84
17/10/2020,4475.61
16/10/2020,4453.27
15/10/2020,4594.76
14/10/2020,4610.68
13/10/2020,4655.13
12/10/2020,4698.15
11/10/2020,4629.29
10/10/2020,4559.3
09/10/2020,4504.17
08/10/2020,4391.01
07/10/2020,4303.97
06/10/2020,4265.47
05/10/2020,4414.23
04/10/2020,4388.5
03/10/2020,4317.37
02/10/2020,4311
01/10/2020,4407.87
30/09/2020,4482.03
29/09/2020,4478.04
28/09/2020,4412.88
27/09/2020,4443.38
26/09/2020,4414.92
25/09/2020,4367.6
24/09/2020,4300.34
23/09/2020,4036.38
22/09/2020,4231.6
21/09/2020,4162.45
20/09/2020,4469.51
19/09/2020,4601.47
18/09/2020,4574.77
17/09/2020,4601.88
16/09/2020,4517.95
15/09/2020,4502.6
14/09/2020,4607.12
13/09/2020,4512.68
12/09/2020,4637.43
11/09/2020,4570.96
10/09/2020,4516.03
09/09/2020,4439.28
08/09/2020,4359.49
07/09/2020,4447.86
06/09/2020,4417.73
05/09/2020,4252.07
04/09/2020,4589.95
03/09/2020,4469.22
02/09/2020,5130.65
01/09/2020,5462.37
31/08/2020,5232.72
30/08/2020,5238.74
29/08/2020,5115.39
28/08/2020,5001.52
27/08/2020,4850.84
26/08/2020,4989.32
25/08/2020,4943.93
24/08/2020,5198.57
23/08/2020,5120.75
22/08/2020,5114.91
21/08/2020,4958.46
20/08/2020,5231.61
19/08/2020,5085.43
18/08/2020,5284.92
17/08/2020,5420.43
16/08/2020,5383.93
15/08/2020,5299.53
14/08/2020,5204.06
13/08/2020,5197.81
12/08/2020,5048.36
11/08/2020,4855.46
10/08/2020,5091.74
09/08/2020,4989.48
08/08/2020,4957.58
07/08/2020,4812.94
06/08/2020,4919.04
05/08/2020,4883.77
04/08/2020,4762.16
03/08/2020,4736.89
02/08/2020,4575.73
01/08/2020,4842.04
31/07/2020,4537.57
30/07/2020,4436.12
29/07/2020,4370.56
28/07/2020,4345.34
27/07/2020,4292.04
26/07/2020,4133.77
25/07/2020,4112.18
24/07/2020,3936.05
23/07/2020,3980.76
22/07/2020,3936.49
21/07/2020,3840.21
20/07/2020,3731.4
19/07/2020,3817.79
18/07/2020,3801.04
17/07/2020,3789.65
16/07/2020,3778.79
15/07/2020,3840.12
14/07/2020,3836.14
13/07/2020,3801.2
12/07/2020,3832.6
11/07/2020,3797.44
10/07/2020,3756.88
09/07/2020,3794.35
08/07/2020,3849.55
07/07/2020,3674.66
06/07/2020,3666.15
05/07/2020,3469.61
04/07/2020,3475.05
03/07/2020,3414.66
02/07/2020,3441.57
01/07/2020,3466.96
30/06/2020,3416.27
29/06/2020,3442.88
28/06/2020,3400.2
27/06/2020,3358.34
26/06/2020,3462.42
25/06/2020,3498.72
24/06/2020,3515.74
23/06/2020,3630.41
22/06/2020,3603.38
21/06/2020,3473.42
20/06/2020,3485.38
19/06/2020,3460.41
18/06/2020,3520.1
17/06/2020,3548.6
16/06/2020,3537.03
15/06/2020,3508.91
14/06/2020,3521.9
13/06/2020,3589.25
12/06/2020,3578.96
11/06/2020,3499.48
10/06/2020,3769.8
09/06/2020,3755.64
08/06/2020,3744.3
07/06/2020,3744.36
06/06/2020,3718.34
05/06/2020,3720.84
04/06/2020,3748.09
03/06/2020,3705.93
02/06/2020,3619.14
01/06/2020,3763.58
31/05/2020,3543.84
30/05/2020,3658.46
29/05/2020,3471.72
28/05/2020,3466.95
27/05/2020,3352.38
26/05/2020,3264.03
25/05/2020,3299.06
24/05/2020,3241.78
23/05/2020,3362.43
22/05/2020,3363.76
21/05/2020,3266.44
20/05/2020,3415.66
19/05/2020,3454.54
18/05/2020,3454.54
17/05/2020,3388.15
16/05/2020,3325.4
15/05/2020,3289.27
14/05/2020,3381.92
13/05/2020,3306.71
12/05/2020,3202.23
11/05/2020,3122.58
10/05/2020,3174.53
09/05/2020,3490.92
08/05/2020,3535.47
07/05/2020,3497.47
06/05/2020,3359.6
05/05/2020,3352.27
04/05/2020,3362.31
03/05/2020,3377.35
02/05/2020,3451.38
01/05/2020,3396.62
30/04/2020,3304.78
29/04/2020,3435.94
28/04/2020,3174.48
27/04/2020,3133.48
26/04/2020,3120.23
25/04/2020,3083.89
24/04/2020,3049.39
23/04/2020,2976.44
22/04/2020,2888.55
21/04/2020,2776.43
20/04/2020,2770.77
19/04/2020,2900.23
18/04/2020,2958.72
17/04/2020,2840.49
16/04/2020,2840.86
15/04/2020,2638.86
14/04/2020,2717.38
13/04/2020,2716.03
12/04/2020,2773.3
11/04/2020,2727.28
10/04/2020,2723.74
09/04/2020,2940.46
08/04/2020,2941.22
07/04/2020,2815.6
06/04/2020,2853.7
05/04/2020,2600.31
04/04/2020,2627.45
03/04/2020,2583
02/04/2020,2572.25
01/04/2020,2510.69
31/03/2020,2471.86
30/03/2020,2458.75
29/03/2020,2296.99
28/03/2020,2410.65
27/03/2020,2471.71
26/03/2020,2553.5
25/03/2020,2494.17
24/03/2020,2530.5
23/03/2020,2435.91
22/03/2020,2243.18
21/03/2020,2403.43
20/03/2020,2389.03
19/03/2020,2422.09
18/03/2020,2051.21
17/03/2020,2026.14
16/03/2020,1951.11
15/03/2020,2139.07
14/03/2020,2075.86
13/03/2020,2206.71
12/03/2020,1938.49
11/03/2020,3146.82
10/03/2020,3209
09/03/2020,3200.35
08/03/2020,3241.15
07/03/2020,3702.78
06/03/2020,3835.69
05/03/2020,3767.36
04/03/2020,3656.64
03/03/2020,3666.35
02/03/2020,3701.27
01/03/2020,3519.21
29/02/2020,3543.44
28/02/2020,3583.26
27/02/2020,3618.6
26/02/2020,3574.12
25/02/2020,3898.19
24/02/2020,4124.1
23/02/2020,4314.81
22/02/2020,4152.52
21/02/2020,4188.24
20/02/2020,4129.49
19/02/2020,4156.77
18/02/2020,4433.18
17/02/2020,4250.03
16/02/2020,4309.12
15/02/2020,4402.01
14/02/2020,4760.54
13/02/2020,4605.62
12/02/2020,4635.09
11/02/2020,4440.69
10/02/2020,4259.89
09/02/2020,4310.03
08/02/2020,4157.82
07/02/2020,4110.12
06/02/2020,4058.13
05/02/2020,3993.97
04/02/2020,3758.46
03/02/2020,3771.96
02/02/2020,3753.08
01/02/2020,3720.15
31/01/2020,3672.4
30/01/2020,3759.74
29/01/2020,3635.02
28/01/2020,3624.74
27/01/2020,3493.36
26/01/2020,3368.15
25/01/2020,3235.92
24/01/2020,3275.96
23/01/2020,3267.98
22/01/2020,3439.1
21/01/2020,3450.72
20/01/2020,3397.56
19/01/2020,3360.47
18/01/2020,3431.55
17/01/2020,3510.36
16/01/2020,3400.34
15/01/2020,3423.63
14/01/2020,3427.91
13/01/2020,2891.08
12/01/2020,2910.09
11/01/2020,2841.66
10/01/2020,2861.84
09/01/2020,2714.97
08/01/2020,2753.32
07/01/2020,2784.3
06/01/2020,2752.24
05/01/2020,2597.54
04/01/2020,2577.96
03/01/2020,2543.03
02/01/2020,2415.57
01/01/2020,2502.88
31/12/2019,2474.27
30/12/2019,2500.74
29/12/2019,2545.11
28/12/2019,2489.02
27/12/2019,2470.4
26/12/2019,2442.79
25/12/2019,2439.84
24/12/2019,2470.3
23/12/2019,2470.28
22/12/2019,2532.85
21/12/2019,2445.56
20/12/2019,2464.03
19/12/2019,2430.8
18/12/2019,2467.26
17/12/2019,2272.22
16/12/2019,2445.56
15/12/2019,2568.22
14/12/2019,2556.72
13/12/2019,2601.47
12/12/2019,2590.4
11/12/2019,2571.3
10/12/2019,2586.68
09/12/2019,2627.4
08/12/2019,2682.84
07/12/2019,2658.68
06/12/2019,2651.39
05/12/2019,2620.77
04/12/2019,2557.94
03/12/2019,2598.65
02/12/2019,2607.62
01/12/2019,2648.5
30/11/2019,2491.09
29/11/2019,2745.14
28/11/2019,2650.36
27/11/2019,2669.12
26/11/2019,2598.35
25/11/2019,2548.6
24/11/2019,2513.83
23/11/2019,2686.91
22/11/2019,2599.44
21/11/2019,2752.21
20/11/2019,2922.59
19/11/2019,2981.54
18/11/2019,3042.96
17/11/2019,3159.82
16/11/2019,3145.5
15/11/2019,3117.54
14/11/2019,3207.84
13/11/2019,3229.9
12/11/2019,3221.03
11/11/2019,3196.56
10/11/2019,3265.92
09/11/2019,3181.09
08/11/2019,3155.99
07/11/2019,3287.66
06/11/2019,3310.62
05/11/2019,3288.88
04/11/2019,3255.05
03/11/2019,3180.05
02/11/2019,3207.37
01/11/2019,3174.05
31/10/2019,3161.94
30/10/2019,3168.46
29/10/2019,3230.89
28/10/2019,3152.66
27/10/2019,3194.03
26/10/2019,3062.32
25/10/2019,3020.48
24/10/2019,2689.72
23/10/2019,2657.48
22/10/2019,2834.7
21/10/2019,2885.37
20/10/2019,2857.29
19/10/2019,2801.05
18/10/2019,2801.79
17/10/2019,2857.95
16/10/2019,2800.85
15/10/2019,2861.69
14/10/2019,2928.47
13/10/2019,2869.24
12/10/2019,2852.03
11/10/2019,2854
10/10/2019,2929.55
09/10/2019,2976.1
08/10/2019,2856.95
07/10/2019,2848.71
06/10/2019,2724.6
05/10/2019,2765.12
04/10/2019,2775.01
03/10/2019,2751.39
02/10/2019,2801.43
01/10/2019,2771.21
30/09/2019,2784.48
29/09/2019,2694.88
28/09/2019,2751.63
27/09/2019,2753.47
26/09/2019,2692.92
25/09/2019,2780.23
24/09/2019,2745.47
23/09/2019,3234.75
22/09/2019,3382.81
21/09/2019,3446.24
20/09/2019,3496.69
19/09/2019,3542.36
18/09/2019,3559.48
17/09/2019,3429.58
16/09/2019,3331.83
15/09/2019,3319.13
14/09/2019,3308.6
13/09/2019,3261.2
12/09/2019,3263.49
11/09/2019,3227.52
10/09/2019,3257.74
09/09/2019,3315.64
08/09/2019,3340.43
07/09/2019,3296.51
06/09/2019,3190.89
05/09/2019,3255.51
04/09/2019,3277.44
03/09/2019,3323.23
02/09/2019,3283.31
01/09/2019,3165.96
31/08/2019,3146.9
30/08/2019,3144.67
29/08/2019,3121.22
28/08/2019,3221.05
27/08/2019,3424.44
26/08/2019,3472.95
25/08/2019,3432.52
24/08/2019,3467.1
23/08/2019,3522.72
22/08/2019,3460.43
21/08/2019,3396.78
20/08/2019,3563.69
19/08/2019,3644.64
18/08/2019,3533.6
17/08/2019,3429.68
16/08/2019,3448.7
15/08/2019,3476.14
14/08/2019,3410.09
13/08/2019,3733.21
12/08/2019,3818.41
11/08/2019,3889.66
10/08/2019,3784.36
09/08/2019,3821.75
08/08/2019,3958.54
07/08/2019,3985.32
06/08/2019,3934.77
05/08/2019,4092.47
04/08/2019,3929.38
03/08/2019,3919.19
02/08/2019,3856.95
01/08/2019,3870
31/07/2019,3844.03
30/07/2019,3715.98
29/07/2019,3680.39
28/07/2019,3702.29
27/07/2019,3693.95
26/07/2019,3871.59
25/07/2019,3835.03
24/07/2019,3835.21
23/07/2019,3794.14
22/07/2019,3942.59
21/07/2019,4048.85
20/07/2019,4092.82
19/07/2019,3933.24
18/07/2019,3963.23
17/07/2019,3641.43
16/07/2019,3479.1
15/07/2019,3990.74
14/07/2019,3859.37
13/07/2019,4355.81
12/07/2019,4523.36
11/07/2019,4347.83
10/07/2019,4714.37
09/07/2019,4978.72
08/07/2019,5004.93
07/07/2019,4876.54
06/07/2019,4742.59
05/07/2019,4706.06
04/07/2019,4722.76
03/07/2019,4946.88
02/07/2019,4696.95
01/07/2019,4716.5
30/06/2019,4692.76
29/06/2019,5108.19
28/06/2019,5063.63
27/06/2019,4715.26
26/06/2019,5374.46
25/06/2019,5270.41
24/06/2019,5122.33
23/06/2019,5074.05
22/06/2019,5102.6
21/06/2019,4833.63
20/06/2019,4630.64
19/06/2019,4629.44
18/06/2019,4564.9
17/06/2019,4687.28
16/06/2019,4574.6
15/06/2019,4519.08
14/06/2019,4448.03
13/06/2019,4370.64
12/06/2019,4377.27
11/06/2019,4229.9
10/06/2019,4260.21
09/06/2019,4057.97
08/06/2019,4237.17
07/06/2019,4295.4
06/06/2019,4190.64
05/06/2019,4174.02
04/06/2019,4121.09
03/06/2019,4369.32
02/06/2019,4640.73
01/06/2019,4534.57
31/05/2019,4575.48
30/05/2019,4366.28
29/05/2019,4583.12
28/05/2019,4485.14
27/05/2019,4480.98
26/05/2019,4306.27
25/05/2019,4045.36
24/05/2019,4027.23
23/05/2019,3956.5
22/05/2019,3889.29
21/05/2019,4084.79
20/05/2019,3999.09
19/05/2019,4132.44
18/05/2019,3722.32
17/05/2019,3780.24
16/05/2019,4047.62
15/05/2019,4161.25
14/05/2019,3778.44
13/05/2019,3527.86
12/05/2019,3287.15
11/05/2019,3416.69
10/05/2019,3047.74
09/05/2019,2967.8
08/05/2019,3014.22
07/05/2019,2974.17
06/05/2019,3000.12
05/05/2019,3000.2
04/05/2019,3028.84
03/05/2019,3077.63
02/05/2019,2971.42
01/05/2019,2945.89
30/04/2019,2941.74
29/04/2019,2815.76
28/04/2019,2880.58
27/04/2019,2897.02
26/04/2019,2887.13
25/04/2019,2842.6
24/04/2019,2998.11
23/04/2019,3122.51
22/04/2019,3131.2
21/04/2019,3107.37
20/04/2019,3182.93
19/04/2019,3187.75
18/04/2019,3186.61
17/04/2019,3125.99
16/04/2019,3131.96
15/04/2019,3047.47
14/04/2019,3125.8
13/04/2019,3057.58
12/04/2019,3062.32
11/04/2019,3049.91
10/04/2019,3293.51
09/04/2019,3235.11
08/04/2019,3315.82
07/04/2019,3334.72
06/04/2019,3242.45
05/04/2019,3247.47
04/04/2019,3097.19
03/04/2019,3125.05
02/04/2019,3087.3
01/04/2019,2666.53
31/03/2019,2620.93
30/03/2019,2623.22
29/03/2019,2624.17
28/03/2019,2585.06
27/03/2019,2596.99
26/03/2019,2483.05
25/03/2019,2475.61
24/03/2019,2527.95
23/03/2019,2540.89
22/03/2019,2504.45
21/03/2019,2483.4
20/03/2019,2521.75
19/03/2019,2502.82
18/03/2019,2474.77
17/03/2019,2473.2
16/03/2019,2498.73
15/03/2019,2429.42
14/03/2019,2385.29
13/03/2019,2358.48
12/03/2019,2364.43
11/03/2019,2322.29
10/03/2019,2356.29
09/03/2019,2357.97
08/03/2019,2297.14
07/03/2019,2330.8
06/03/2019,2317.06
05/03/2019,2309.16
04/03/2019,2169.79
03/03/2019,2244.83
02/03/2019,2264.47
01/03/2019,2270.55
28/02/2019,2252.86
27/02/2019,2249.42
26/02/2019,2266.89
25/02/2019,2286.78
24/02/2019,2218.65
23/02/2019,2472.71
22/02/2019,2359.05
21/02/2019,2315.3
20/02/2019,2381.08
19/02/2019,2316.7
18/02/2019,2286.53
17/02/2019,2118.38
16/02/2019,2073.87
15/02/2019,2069.29
14/02/2019,2047.57
13/02/2019,2073.6
12/02/2019,2089.15
11/02/2019,2070.57
10/02/2019,2109.75
09/02/2019,2077.46
08/02/2019,2073.02
07/02/2019,1881.22
06/02/2019,1877.22
05/02/2019,1915.58
04/02/2019,1923.73
03/02/2019,1916.77
02/02/2019,1960.15
01/02/2019,1931.15
31/01/2019,1916.25
30/01/2019,1963.92
29/01/2019,1912.19
28/01/2019,1926.86
27/01/2019,2044.07
26/01/2019,2077.98
25/01/2019,2080.18
24/01/2019,2081.16
23/01/2019,2075.83
22/01/2019,2085.79
21/01/2019,2050.6
20/01/2019,2057.42
19/01/2019,2135.84
18/01/2019,2093.44
17/01/2019,2125.28
16/01/2019,2105.66
15/01/2019,2073.34
14/01/2019,2139.1
13/01/2019,2003.56
12/01/2019,2111.88
11/01/2019,2123.34
10/01/2019,2129.3
09/01/2019,2415.8
08/01/2019,2383.85
07/01/2019,2359.88
06/01/2019,2415.7
05/01/2019,2298.61
04/01/2019,2291.98
03/01/2019,2267.81
02/01/2019,2360.7
01/01/2019,2305.54
31/12/2018,2179.2
30/12/2018,2323.28
29/12/2018,2303.58
28/12/2018,2357.91
27/12/2018,2123.81
26/12/2018,2323.14
25/12/2018,2295.3
24/12/2018,2472.66
23/12/2018,2405.71
22/12/2018,2328.32
21/12/2018,2263.63
20/12/2018,2362.58
19/12/2018,2102.35
18/12/2018,2077.55
17/12/2018,1963.78
16/12/2018,1758.97
15/12/2018,1734.39
14/12/2018,1734.35
13/12/2018,1800.28
12/12/2018,1875.42
11/12/2018,1838.21
10/12/2018,1883.46
09/12/2018,1923.93
08/12/2018,1888.61
07/12/2018,1871.39
06/12/2018,1901.16
05/12/2018,2095.14
04/12/2018,2234.01
03/12/2018,2217.22
02/12/2018,2368.48
01/12/2018,2403.85
30/11/2018,2306.46
29/11/2018,2442.37
28/11/2018,2469.86
27/11/2018,2232.21
26/11/2018,2203.01
25/11/2018,2330.21
24/11/2018,2289.91
23/11/2018,2533.86
22/11/2018,2583.36
21/11/2018,2751.56
20/11/2018,2631.22
19/11/2018,2966.01
18/11/2018,3424.85
17/11/2018,3377.44
16/11/2018,3376.97
15/11/2018,3454.82
14/11/2018,3485.89
13/11/2018,3899.46
12/11/2018,3963.6
11/11/2018,3972.72
10/11/2018,3989.86
09/11/2018,3956.77
08/11/2018,4007.82
07/11/2018,4131.09
06/11/2018,4157.32
05/11/2018,3990.64
04/11/2018,3952.9
03/11/2018,3836.78
02/11/2018,3846.49
01/11/2018,3791.33
31/10/2018,3746.34
30/10/2018,3742.24
29/10/2018,3735.09
28/10/2018,3892.32
27/10/2018,3862.57
26/10/2018,3886.99
25/10/2018,3893.97
24/10/2018,3925.81
23/10/2018,3940.95
22/10/2018,3927.67
21/10/2018,3926.98
20/10/2018,3929.15
19/10/2018,3899.82
18/10/2018,3892.22
17/10/2018,3958.1
16/10/2018,3979.56
15/10/2018,3952.14
14/10/2018,3742.58
13/10/2018,3788.18
12/10/2018,3771.61
11/10/2018,3687.7
10/10/2018,4165.69
09/10/2018,4220.91
08/10/2018,4263.52
07/10/2018,4187.35
06/10/2018,4152.89
05/10/2018,4208.44
04/10/2018,4154.63
03/10/2018,4116.96
02/10/2018,4184.31
01/10/2018,4240.27
30/09/2018,4269.51
29/09/2018,4255.71
28/09/2018,4217.01
27/09/2018,4275.46
26/09/2018,4065.43
25/09/2018,4047.83
24/09/2018,4110.25
23/09/2018,4343.56
22/09/2018,4259
21/09/2018,4334.12
20/09/2018,3994.57
19/09/2018,3702.76
18/09/2018,3692.41
17/09/2018,3545.67
16/09/2018,3773.05
15/09/2018,3781.37
14/09/2018,3731.65
13/09/2018,3746.96
12/09/2018,3552.38
11/09/2018,3569.95
10/09/2018,3667.31
09/09/2018,3684.69
08/09/2018,3647.83
07/09/2018,3852.62
06/09/2018,3955.24
05/09/2018,3959.78
04/09/2018,4599.18
03/09/2018,4547.39
02/09/2018,4558.21
01/09/2018,4582.35
31/08/2018,4375.97
30/08/2018,4315.42
29/08/2018,4391.75
28/08/2018,4488.96
27/08/2018,4290.72
26/08/2018,4054.55
25/08/2018,4075.58
24/08/2018,4054.08
23/08/2018,3960.13
22/08/2018,3836.28
21/08/2018,3979.92
20/08/2018,3865.55
19/08/2018,4133.84
18/08/2018,4031.31
17/08/2018,4326.55
16/08/2018,3837.28
15/08/2018,3756.41
14/08/2018,3694.77
13/08/2018,3796.51
12/08/2018,4067.18
11/08/2018,4064.01
10/08/2018,4171.51
09/08/2018,4491.12
08/08/2018,4297.82
07/08/2018,4766.92
06/08/2018,5010.33
05/08/2018,5123.75
04/08/2018,5031.39
03/08/2018,5264.78
02/08/2018,5260.91
01/08/2018,5365.88
31/07/2018,5548.98
30/07/2018,5851.87
29/07/2018,6010.9
28/07/2018,6003.95
27/07/2018,6006.39
26/07/2018,5901.58
25/07/2018,6044.14
24/07/2018,6091.67
23/07/2018,5713
22/07/2018,5713.81
21/07/2018,5763.88
20/07/2018,5635.68
19/07/2018,5975.26
18/07/2018,6043.89
17/07/2018,6094.23
16/07/2018,5743.49
15/07/2018,5333.99
14/07/2018,5208.03
13/07/2018,5193.31
12/07/2018,5109.07
11/07/2018,5284.77
10/07/2018,5217.69
09/07/2018,5635.38
08/07/2018,5799.86
07/07/2018,5917.44
06/07/2018,5757.25
05/07/2018,5802.23
04/07/2018,5861.11
03/07/2018,5753.92
02/07/2018,5879.19
01/07/2018,5533.59
30/06/2018,5520.04
29/06/2018,5301.27
28/06/2018,5062.46
27/06/2018,5358
26/06/2018,5235.79
25/06/2018,5537.51
24/06/2018,5426.72
23/06/2018,5589.46
22/06/2018,5549.45
21/06/2018,6263.83
20/06/2018,6326.52
19/06/2018,6386.99
18/06/2018,6304.92
17/06/2018,6126.31
16/06/2018,6163.14
15/06/2018,6098.55
14/06/2018,6397.39
13/06/2018,5979.49
12/06/2018,6237.58
11/06/2018,6707.79
10/06/2018,6580.79
09/06/2018,7503.72
08/06/2018,7649.94
07/06/2018,7740.51
06/06/2018,7743.94
05/06/2018,7776.3
04/06/2018,7596.15
03/06/2018,7938.91
02/06/2018,7758.54
01/06/2018,7469.1
31/05/2018,7400.54
30/05/2018,7227.59
29/05/2018,7425.51
28/05/2018,6834.79
27/05/2018,7421.62
26/05/2018,7505.92
25/05/2018,7578.61
24/05/2018,7802.81
23/05/2018,7523.66
22/05/2018,8187.94
21/05/2018,8781.79
20/05/2018,9006.98
19/05/2018,8648.92
18/05/2018,8708.72
17/05/2018,8436.46
16/05/2018,8896.03
15/05/2018,9052.59
14/05/2018,9377.18
13/05/2018,9438.41
12/05/2018,9013.46
11/05/2018,8825.62
10/05/2018,9714.26
09/05/2018,10235.3
08/05/2018,10299.7
07/05/2018,10448.4
06/05/2018,10820
05/05/2018,11055.7
04/05/2018,10833.4
03/05/2018,10930.1
02/05/2018,10497
01/05/2018,10239.4
30/04/2018,10168.5
29/04/2018,10655.9
28/04/2018,10254
27/04/2018,9530.89
26/04/2018,9830.44
25/04/2018,9096.76
24/04/2018,10257
23/04/2018,9418.43
22/04/2018,9002.43
21/04/2018,8978.39
20/04/2018,9184.99
19/04/2018,8436.02
18/04/2018,8018
17/04/2018,7457.5
16/04/2018,7554.72
15/04/2018,7681.02
14/04/2018,7217.29
13/04/2018,7128.34
12/04/2018,7157.05
11/04/2018,6316.49
10/04/2018,6010.4
09/04/2018,5887.09
08/04/2018,6003.55
07/04/2018,5869.18
06/04/2018,5647.54
05/04/2018,5843.9
04/04/2018,5785.35
03/04/2018,6430.98
02/04/2018,5923.09
01/04/2018,5652.68
31/03/2018,5874.29
30/03/2018,5857.54
29/03/2018,5947.64
28/03/2018,6706.97
27/03/2018,6623.27
26/03/2018,7004.33
25/03/2018,7423.78
24/03/2018,7514.36
23/03/2018,7591.1
22/03/2018,7567.11
21/03/2018,7754.05
20/03/2018,7755.15
19/03/2018,7517.86
18/03/2018,6916.44
17/03/2018,6757.47
16/03/2018,7293.87
15/03/2018,7354.11
14/03/2018,7422.35
13/03/2018,8387.25
12/03/2018,8361.21
11/03/2018,8707.58
10/03/2018,8148.83
09/03/2018,8637.58
08/03/2018,8518.02
07/03/2018,9070.57
06/03/2018,9884.93
05/03/2018,10523
04/03/2018,10689.1
03/03/2018,10516.9
02/03/2018,10512.2
01/03/2018,10656.9
28/02/2018,10213.9
27/02/2018,10752.5
26/02/2018,10574.4
25/02/2018,10146
24/02/2018,10185.4
23/02/2018,10606.3
22/02/2018,10087.2
21/02/2018,10814
20/02/2018,11419.6
19/02/2018,11955.6
18/02/2018,11471.7
17/02/2018,12299
16/02/2018,11743.2
15/02/2018,11522.8
14/02/2018,11147.5
13/02/2018,10058.2
12/02/2018,10332.4
11/02/2018,9554.94
10/02/2018,10241.5
09/02/2018,10433.2
08/02/2018,9491.45
07/02/2018,8506.34
06/02/2018,8932.47
05/02/2018,7742.99
04/02/2018,9424.25
03/02/2018,10737.5
02/02/2018,10127.6
01/02/2018,10898.1
31/01/2018,12596
30/01/2018,12282.5
29/01/2018,14004.9
28/01/2018,14619.6
27/01/2018,13719.2
26/01/2018,13356.2
25/01/2018,13495.9
24/01/2018,13532.8
23/01/2018,12957.1
22/01/2018,13080.6
21/01/2018,13822.3
20/01/2018,15671.4
19/01/2018,14196.4
18/01/2018,14095.5
17/01/2018,13536.3
16/01/2018,13369.5
15/01/2018,17345.8
14/01/2018,17967.6
13/01/2018,18896.5
12/01/2018,17907
11/01/2018,16430.9
10/01/2018,18285.2
09/01/2018,18213.7
08/01/2018,18484.8
07/01/2018,20796.6
06/01/2018,20142.1
05/01/2018,19174.1
04/01/2018,19097.9
03/01/2018,18543.3
02/01/2018,16902.6
01/01/2018,15473.2
31/12/2017,15107.2
30/12/2017,14081.1
29/12/2017,15375.1
28/12/2017,13747.6
27/12/2017,14437.7
26/12/2017,14317.6
25/12/2017,13612.7
24/12/2017,13028.3
23/12/2017,13623.9
22/12/2017,12443.9
21/12/2017,15003.4
20/12/2017,14756.7
19/12/2017,14357.4
18/12/2017,13640
17/12/2017,12217.8
16/12/2017,11754.2
15/12/2017,11207.5
14/12/2017,11211.5
13/12/2017,10182.3
12/12/2017,10136
11/12/2017,8824.11
10/12/2017,7876.48
09/12/2017,8204.7
08/12/2017,8610.41
07/12/2017,8068.58
06/12/2017,7682.07
05/12/2017,7520.48
04/12/2017,7269.77
03/12/2017,6870.8
02/12/2017,6665.74
01/12/2017,6595.38
30/11/2017,6194.15
29/11/2017,5979
28/11/2017,6119.6
27/11/2017,5995.97
26/11/2017,5733.51
25/11/2017,5408.74
24/11/2017,5112.85
23/11/2017,4975.18
22/11/2017,5033.91
21/11/2017,4896.87
20/11/2017,4979.88
19/11/2017,4870.64
18/11/2017,4743.85
17/11/2017,4680.41
16/11/2017,4728.77
15/11/2017,4460.87
14/11/2017,4088.2
13/11/2017,4049.99
12/11/2017,3718.01
11/11/2017,3926.22
10/11/2017,4016.46
09/11/2017,4270.18
08/11/2017,4437.76
07/11/2017,4251
06/11/2017,4178.94
05/11/2017,4397.29
04/11/2017,4382.25
03/11/2017,4288.24
02/11/2017,4201.68
01/11/2017,4020.61
31/10/2017,3844.91
30/10/2017,3813.21
29/10/2017,3811.55
28/10/2017,3660.49
27/10/2017,3667.05
26/10/2017,3683.63
25/10/2017,3678.77
24/10/2017,3644.8
23/10/2017,3577.13
22/10/2017,3669.46
21/10/2017,3688.69
20/10/2017,3741.07
19/10/2017,3737.61
18/10/2017,3741.06
17/10/2017,3795.32
16/10/2017,3854.03
15/10/2017,3838.52
14/10/2017,3895.85
13/10/2017,3838.73
12/10/2017,3687.84
11/10/2017,3637.32
10/10/2017,3572.06
09/10/2017,3494.81
08/10/2017,3586.78
07/10/2017,3621.21
06/10/2017,3586.26
05/10/2017,3550.58
04/10/2017,3491.67
03/10/2017,3573.06
02/10/2017,3646.37
01/10/2017,3724.85
30/09/2017,3727.83
29/09/2017,3608.02
28/09/2017,3671.31
27/09/2017,3715.03
26/09/2017,3401.04
25/09/2017,3399.43
24/09/2017,3191.44
23/09/2017,3273.17
22/09/2017,3097.61
21/09/2017,3054.41
20/09/2017,3345.79
19/09/2017,3357.64
18/09/2017,3524.67
17/09/2017,3095.27
16/09/2017,3098.47
15/09/2017,3118.38
14/09/2017,2695.31
13/09/2017,3510.75
12/09/2017,3717.13
11/09/2017,3746.85
10/09/2017,3700.87
09/09/2017,3824.18
08/09/2017,3858.48
07/09/2017,4279.81
06/09/2017,4335.67
05/09/2017,4015.34
04/09/2017,3794.07
03/09/2017,4387.21
02/09/2017,4365.23
01/09/2017,4833.25
31/08/2017,4650.55
30/08/2017,4486.69
29/08/2017,4375.34
28/08/2017,4365.14
27/08/2017,4325.01
26/08/2017,4279.98
25/08/2017,4094.53
24/08/2017,4037.4
23/08/2017,3955.59
22/08/2017,3854.08
21/08/2017,3758.55
20/08/2017,3735.74
19/08/2017,3671.05
18/08/2017,3548.02
17/08/2017,3677.03
16/08/2017,3775.65
15/08/2017,3647.27
14/08/2017,3721.84
13/08/2017,3639.85
12/08/2017,3639.88
11/08/2017,3604.5
10/08/2017,3471.12
09/08/2017,3407.75
08/08/2017,3438.41
07/08/2017,3293.27
06/08/2017,3172.66
05/08/2017,3178.56
04/08/2017,2895.14
03/08/2017,2854.08
02/08/2017,2744.08
01/08/2017,2727.45
31/07/2017,2618.43
30/07/2017,2556.33
29/07/2017,2633.37
28/07/2017,2600.8
27/07/2017,2651.48
26/07/2017,2593.58
25/07/2017,2608.54
24/07/2017,2887.05
23/07/2017,2860.44
22/07/2017,2957.05
21/07/2017,2716.05
20/07/2017,2767.38
19/07/2017,2341.07
18/07/2017,2535.01
17/07/2017,2358.62
16/07/2017,1973.39
15/07/2017,2082.78
14/07/2017,2348.48
13/07/2017,2522.33
12/07/2017,2674.16
11/07/2017,2360.72
10/07/2017,2506.61
09/07/2017,2886.84
08/07/2017,3030.14
07/07/2017,2936.51
06/07/2017,3254.97
05/07/2017,3273.32
04/07/2017,3290.92
03/07/2017,3236.91
02/07/2017,3172.72
01/07/2017,3078.35
30/06/2017,3250.32
29/06/2017,3332.48
28/06/2017,3497.93
27/06/2017,3330.09
26/06/2017,3202.98
25/06/2017,3460.92
24/06/2017,3622.04
23/06/2017,3799.72
22/06/2017,3682.28
21/06/2017,3640.14
20/06/2017,3735.67
19/06/2017,3756.66
18/06/2017,3562.18
17/06/2017,3609.74
16/06/2017,3419.32
15/06/2017,3314.75
14/06/2017,3356.8
13/06/2017,3659.3
12/06/2017,3491.91
11/06/2017,3692.89
10/06/2017,3561.54
09/06/2017,3454.82
08/06/2017,3343.92
07/06/2017,3196.76
06/06/2017,3306.1
05/06/2017,3100.9
04/06/2017,2902.26
03/06/2017,2837.33
02/06/2017,2828.14
01/06/2017,2698.6
31/05/2017,2528.61
30/05/2017,2418.66
29/05/2017,2391.27
28/05/2017,2259.21
27/05/2017,2117.87
26/05/2017,2238.21
25/05/2017,2380.41
24/05/2017,2692.99
23/05/2017,2669.18
22/05/2017,2406.2
21/05/2017,2321.11
20/05/2017,2150.86
19/05/2017,2003.22
18/05/2017,1906.6
17/05/2017,1797.27
16/05/2017,1636.83
15/05/2017,1574.54
14/05/2017,1562.25
13/05/2017,1533.06
12/05/2017,1491.93
11/05/2017,1508
10/05/2017,1500.18
09/05/2017,1448.17
08/05/2017,1530.04
07/05/2017,1413.32
06/05/2017,1327.79
05/05/2017,1272.82
04/05/2017,1228.91
03/05/2017,1122.38
02/05/2017,1073.49
01/05/2017,1066.81
30/04/2017,1063.7
29/04/2017,1016.23
28/04/2017,963.019
27/04/2017,915.389
26/04/2017,869.788
25/04/2017,840.768
24/04/2017,833.388
23/04/2017,795.915
22/04/2017,801.08
21/04/2017,794.271
20/04/2017,786.376
19/04/2017,787.113
18/04/2017,793.036
17/04/2017,771.327
16/04/2017,766.182
15/04/2017,766.683
14/04/2017,732.517
13/04/2017,745.962
12/04/2017,733.515
11/04/2017,703.565
10/04/2017,693.992
09/04/2017,689.736
08/04/2017,700.37
07/04/2017,681.424
06/04/2017,689.074
05/04/2017,695.51
04/04/2017,684.378
03/04/2017,677.048
02/04/2017,712.784
01/04/2017,665.239
31/03/2017,648.542
30/03/2017,615.561
29/03/2017,583.963
28/03/2017,574.833
27/03/2017,546.399
26/03/2017,537.29
25/03/2017,533.968
24/03/2017,537.345
23/03/2017,540.847
22/03/2017,529.904
21/03/2017,540.518
20/03/2017,524.662
19/03/2017,517.544
18/03/2017,463.487
17/03/2017,509.983
16/03/2017,525.749
15/03/2017,501.898
14/03/2017,473.896
13/03/2017,467.41
12/03/2017,440.605
11/03/2017,419.168
10/03/2017,390.504
09/03/2017,402.353
08/03/2017,388.438
07/03/2017,416.255
06/03/2017,429.299
05/03/2017,426.574
04/03/2017,416.961
03/03/2017,421.951
02/03/2017,411.716
01/03/2017,400.941
28/02/2017,381.548
27/02/2017,378.142
26/02/2017,373.469
25/02/2017,365.216
24/02/2017,369.536
23/02/2017,371.475
22/02/2017,359.426
21/02/2017,357.394
20/02/2017,355.011
19/02/2017,354.424
18/02/2017,355.827
17/02/2017,355.585
16/02/2017,353.79
15/02/2017,352.68
14/02/2017,348.94
13/02/2017,336.572
12/02/2017,342.637
11/02/2017,344.61
10/02/2017,338.759
09/02/2017,340.492
08/02/2017,361.515
07/02/2017,362.08
06/02/2017,357.486
05/02/2017,353.166
04/02/2017,357.535
03/02/2017,353.874
02/02/2017,348.492
01/02/2017,343.414
31/01/2017,340.556
30/01/2017,332.977
29/01/2017,330.966
28/01/2017,328.114
27/01/2017,325.478
26/01/2017,325.465
25/01/2017,319.164
24/01/2017,316.362
23/01/2017,325.702
22/01/2017,322.463
21/01/2017,322.479
20/01/2017,314.202
19/01/2017,314.195
18/01/2017,310.669
17/01/2017,314.699
16/01/2017,296.572
15/01/2017,294.643
14/01/2017,292.278
13/01/2017,291.495
12/01/2017,287.861
11/01/2017,276.353
10/01/2017,313.733
09/01/2017,308.995
08/01/2017,309.316
07/01/2017,307.73
06/01/2017,308.409
05/01/2017,334.115
04/01/2017,371.646
03/01/2017,334.754
02/01/2017,323.07
01/01/2017,315.744
31/12/2016,309.653
30/12/2016,312.303
29/12/2016,312.371
28/12/2016,300.716
27/12/2016,290.687
26/12/2016,287.074
25/12/2016,283.818
24/12/2016,287.203
23/12/2016,289.55
22/12/2016,280.54
21/12/2016,278.509
20/12/2016,273.88
19/12/2016,275.461
18/12/2016,275.213
17/12/2016,272.457
16/12/2016,274.998
15/12/2016,271.165
14/12/2016,270.84
13/12/2016,268.199
12/12/2016,269.266
11/12/2016,266.69
10/12/2016,266.486
09/12/2016,270.049
08/12/2016,267.988
07/12/2016,268.396
06/12/2016,262.876
05/12/2016,256.181
04/12/2016,260.035
03/12/2016,262.98
02/12/2016,260.891
01/12/2016,261.249
30/11/2016,262.652
29/11/2016,258.418
28/11/2016,262.566
27/11/2016,263.063
26/11/2016,261.977
25/11/2016,262.937
24/11/2016,261.758
23/11/2016,264.864
22/11/2016,266.074
21/11/2016,262.603
20/11/2016,260.543
19/11/2016,265.727
18/11/2016,265.342
17/11/2016,265.532
16/11/2016,267.163
15/11/2016,267.421
14/11/2016,267.994
13/11/2016,267.888
12/11/2016,267.751
11/11/2016,269.84
10/11/2016,268.059
09/11/2016,270.577
08/11/2016,270.843
07/11/2016,271.554
06/11/2016,274.019
05/11/2016,274.485
04/11/2016,266.874
03/11/2016,259.203
02/11/2016,267.344
01/11/2016,266.781
31/10/2016,262.942
30/10/2016,266.352
29/10/2016,261.903
28/10/2016,264.375
27/10/2016,270.287
26/10/2016,270.536
25/10/2016,268.598
24/10/2016,270.963
23/10/2016,271.903
22/10/2016,271.486
21/10/2016,267.59
20/10/2016,266.478
19/10/2016,265.201
18/10/2016,267.793
17/10/2016,266.252
16/10/2016,268.646
15/10/2016,267.748
14/10/2016,270.159
13/10/2016,269.348
12/10/2016,269.141
11/10/2016,272.043
10/10/2016,267.5
09/10/2016,269.127
08/10/2016,269.137
07/10/2016,271.069
06/10/2016,273.698
05/10/2016,273.842
04/10/2016,275.3
03/10/2016,277.112
02/10/2016,277.283
01/10/2016,277.032
30/09/2016,281.292
29/09/2016,279.083
28/09/2016,281.672
27/09/2016,279.889
26/09/2016,278.71
25/09/2016,280.024
24/09/2016,277.835
23/09/2016,278.842
22/09/2016,276.949
21/09/2016,280.34
20/09/2016,285.968
19/09/2016,280.797
18/09/2016,278.778
17/09/2016,279.723
16/09/2016,280.655
15/09/2016,281.782
14/09/2016,277.232
13/09/2016,275.689
12/09/2016,274.977
11/09/2016,270.967
10/09/2016,278.626
09/09/2016,277.577
08/09/2016,276.773
07/09/2016,275.444
06/09/2016,273.952
05/09/2016,275.754
04/09/2016,274.069
03/09/2016,270.282
02/09/2016,268.109
01/09/2016,265.728
31/08/2016,268.73
30/08/2016,268.206
29/08/2016,268.473
28/08/2016,266.364
27/08/2016,254.736
26/08/2016,256.526
25/08/2016,256.119
24/08/2016,257.575
23/08/2016,258.8
22/08/2016,259.23
21/08/2016,259.101
20/08/2016,257.627
19/08/2016,254.366
18/08/2016,254.657
17/08/2016,254.588
16/08/2016,255.285
15/08/2016,255.416
14/08/2016,254.24
13/08/2016,258.251
12/08/2016,259.235
11/08/2016,255.34
10/08/2016,256.976
09/08/2016,256.414
08/08/2016,252.394
07/08/2016,250.763
06/08/2016,251.159
05/08/2016,247.125
04/08/2016,245.402
03/08/2016,235.994
02/08/2016,224.832
01/08/2016,252.338
31/07/2016,263.524
30/07/2016,273.922
29/07/2016,271.17
28/07/2016,277.62
27/07/2016,279.254
26/07/2016,277.049
25/07/2016,296.231
24/07/2016,298.91
23/07/2016,308.663
22/07/2016,297.587
21/07/2016,298.096
20/07/2016,304.389
19/07/2016,308.894
18/07/2016,276.916
17/07/2016,293.058
16/07/2016,291.127
15/07/2016,293.671
14/07/2016,298.487
13/07/2016,298.505
12/07/2016,276.734
11/07/2016,241.405
10/07/2016,233.547
09/07/2016,232.459
08/07/2016,233.201
07/07/2016,222.548
06/07/2016,231.862
05/07/2016,230.859
04/07/2016,237.913
03/07/2016,232.367
02/07/2016,241.56
01/07/2016,235.435
30/06/2016,237.16
29/06/2016,230.011
28/06/2016,230.687
27/06/2016,228.443
26/06/2016,214.23
25/06/2016,219.959
24/06/2016,218.357
23/06/2016,207.699
22/06/2016,197.412
21/06/2016,214.608
20/06/2016,229.273
19/06/2016,234.581
18/06/2016,227.578
17/06/2016,229.701
16/06/2016,244.559
15/06/2016,226.439
14/06/2016,224.127
13/06/2016,218.777
12/06/2016,210.352
11/06/2016,196.623
10/06/2016,191.021
09/06/2016,191.477
08/06/2016,191.861
07/06/2016,190.375
06/06/2016,191.004
05/06/2016,188.668
04/06/2016,188.176
03/06/2016,187.793
02/06/2016,182.332
01/06/2016,182.248
31/05/2016,179.952
30/05/2016,177.836
29/05/2016,174.09
28/05/2016,172.647
27/05/2016,161.865
26/05/2016,161.118
25/05/2016,161.675
24/05/2016,162.865
23/05/2016,165.886
22/05/2016,168.33
21/05/2016,168.668
20/05/2016,166.885
19/05/2016,167.847
18/05/2016,165.831
17/05/2016,162.48
16/05/2016,160.419
15/05/2016,156.259
14/05/2016,156.23
13/05/2016,157.745
12/05/2016,156.63
11/05/2016,156.236
10/05/2016,154.117
09/05/2016,155.291
08/05/2016,156.309
07/05/2016,156.824
06/05/2016,157.298
05/05/2016,156.684
04/05/2016,155.694
03/05/2016,156.531
02/05/2016,158.858
01/05/2016,156.632
30/04/2016,155.599
29/04/2016,154.694
28/04/2016,151.904
27/04/2016,152.42
26/04/2016,155.802
25/04/2016,156.741
24/04/2016,158.475
23/04/2016,157.493
22/04/2016,155.266
21/04/2016,157.028
20/04/2016,157.359
19/04/2016,157.028
18/04/2016,156.272
17/04/2016,155.551
16/04/2016,154.517
15/04/2016,153.122
14/04/2016,153.503
13/04/2016,151.584
12/04/2016,150.781
11/04/2016,152.117
10/04/2016,153.044
09/04/2016,156.638
08/04/2016,157.796
07/04/2016,160.239
06/04/2016,163.159
05/04/2016,163.983
04/04/2016,169.047
03/04/2016,170.626
02/04/2016,169.451
01/04/2016,167.492
31/03/2016,166.768
30/03/2016,166.787
29/03/2016,168.604
28/03/2016,169.185
27/03/2016,168.86
26/03/2016,170.197
25/03/2016,167.253
24/03/2016,167.068
23/03/2016,166.216
22/03/2016,162.629
21/03/2016,162.079
20/03/2016,159.428
19/03/2016,158.362
18/03/2016,157.468
17/03/2016,163.264
16/03/2016,161.52
15/03/2016,161.255
14/03/2016,160.419
13/03/2016,164.773
12/03/2016,163.86
11/03/2016,164.495
10/03/2016,161.934
09/03/2016,159.913
08/03/2016,157.021
07/03/2016,153.318
06/03/2016,151.532
05/03/2016,147.512
04/03/2016,148.844
03/03/2016,150.404
02/03/2016,147.261
01/03/2016,148.59
29/02/2016,147.095
28/02/2016,146.487
27/02/2016,145.696
26/02/2016,143.431
25/02/2016,141.968
24/02/2016,143.205
23/02/2016,139.532
22/02/2016,143.711
21/02/2016,140.839
20/02/2016,139.572
19/02/2016,137.315
18/02/2016,136.04
17/02/2016,134.394
16/02/2016,136.957
15/02/2016,137.917
14/02/2016,138.046
13/02/2016,133.769
12/02/2016,133.016
11/02/2016,128.548
10/02/2016,124.628
09/02/2016,121.358
08/02/2016,119.388
07/02/2016,120.077
06/02/2016,118.48
05/02/2016,119.806
04/02/2016,119.295
03/02/2016,114.157
02/02/2016,114.254
01/02/2016,113.217
31/01/2016,114.059
30/01/2016,116.968
29/01/2016,119.074
28/01/2016,119.616
27/01/2016,126.239
26/01/2016,118.097
25/01/2016,112.746
24/01/2016,112.844
23/01/2016,108.746
22/01/2016,105.096
21/01/2016,110.562
20/01/2016,113.199
19/01/2016,103.897
18/01/2016,105.459
17/01/2016,103.591
16/01/2016,103.504
15/01/2016,99.2237
14/01/2016,113.114
13/01/2016,111.775
12/01/2016,111.702
11/01/2016,111.244
10/01/2016,111.315
09/01/2016,111.711
08/01/2016,110.911
07/01/2016,111.586
06/01/2016,107.377
05/01/2016,106.876
04/01/2016,106.946
03/01/2016,106.435
02/01/2016,107.089
01/01/2016,106.862
31/12/2015,106.225
30/12/2015,106.142
29/12/2015,106.743
28/12/2015,104.823
27/12/2015,104.616
26/12/2015,102.718
25/12/2015,110.007
24/12/2015,108.287
23/12/2015,106.283
22/12/2015,105.541
21/12/2015,105.795
20/12/2015,106.666
19/12/2015,111.011
18/12/2015,111.462
17/12/2015,111.529
16/12/2015,111.509
15/12/2015,113.054
14/12/2015,111.89
13/12/2015,113.457
12/12/2015,112.772
11/12/2015,115.984
10/12/2015,109.098
09/12/2015,109.863
08/12/2015,105.951
07/12/2015,99.0644
06/12/2015,98.0785
05/12/2015,97.9605
04/12/2015,92.4435
03/12/2015,90.4479
02/12/2015,89.0564
01/12/2015,90.2116
30/11/2015,93.4734
29/11/2015,93.397
28/11/2015,90.8754
27/11/2015,91.1814
26/11/2015,91.1953
25/11/2015,86.7266
24/11/2015,84.3947
23/11/2015,85.2054
22/11/2015,85.5843
21/11/2015,86.2727
20/11/2015,85.1646
19/11/2015,86.5221
18/11/2015,88.7568
17/11/2015,88.7029
16/11/2015,87.6948
15/11/2015,85.3287
14/11/2015,87.6423
13/11/2015,88.9701
12/11/2015,90.119
11/11/2015,83.5628
10/11/2015,88.3536
09/11/2015,96.8709
08/11/2015,95.8598
07/11/2015,99.1035
06/11/2015,96.6521
05/11/2015,98.8177
04/11/2015,104.679
03/11/2015,107.691
02/11/2015,99.8811
01/11/2015,93.2004
31/10/2015,89.2504
30/10/2015,94.1433
29/10/2015,91.5578
28/10/2015,85.8909
27/10/2015,83.0522
26/10/2015,80.2971
25/10/2015,79.2413
24/10/2015,78.679
23/10/2015,77.8893
22/10/2015,78.0123
21/10/2015,75.642
20/10/2015,76.1716
19/10/2015,76.0096
18/10/2015,75.9264
17/10/2015,78.8259
16/10/2015,78.0471
15/10/2015,76.8577
14/10/2015,76.3164
13/10/2015,76.781
12/10/2015,76.3564
11/10/2015,76.7277
10/10/2015,76.108
09/10/2015,76.0119
08/10/2015,75.244
07/10/2015,76.3713
06/10/2015,77.1541
05/10/2015,74.7938
04/10/2015,75.0398
03/10/2015,75.9986
02/10/2015,76.0371
01/10/2015,76.2891
30/09/2015,75.7994
29/09/2015,76.2899
28/09/2015,78.046
27/09/2015,76.417
26/09/2015,76.9908
25/09/2015,77.3921
24/09/2015,77.2973
23/09/2015,76.8924
22/09/2015,77.1889
21/09/2015,76.7481
20/09/2015,78.2306
19/09/2015,77.5567
18/09/2015,78.4588
17/09/2015,76.6123
16/09/2015,75.931
15/09/2015,76.5592
14/09/2015,76.2785
13/09/2015,77.3444
12/09/2015,78.1196
11/09/2015,80.1379
10/09/2015,79.0778
09/09/2015,78.9423
08/09/2015,80.545
07/09/2015,80.3955
06/09/2015,80.4676
05/09/2015,79.1688
04/09/2015,75.5131
03/09/2015,74.7936
02/09/2015,76.2271
01/09/2015,76.4003
31/08/2015,77.1956
30/08/2015,77.2783
29/08/2015,76.96
28/08/2015,75.9494
27/08/2015,74.5222
26/08/2015,74.9784
25/08/2015,72.9263
24/08/2015,71.3052
23/08/2015,76.8858
22/08/2015,77.8812
21/08/2015,79.3009
20/08/2015,80.0025
19/08/2015,77.2208
18/08/2015,73.5687
17/08/2015,86.8746
16/08/2015,87.6298
15/08/2015,88.9529
14/08/2015,90.1142
13/08/2015,88.8652
12/08/2015,90.5269
11/08/2015,91.9128
10/08/2015,90.6099
09/08/2015,90.4005
08/08/2015,89.0818
07/08/2015,94.1882
06/08/2015,93.7902
05/08/2015,95.2747
04/08/2015,96.602
03/08/2015,95.2811
02/08/2015,96.2222
01/08/2015,95.9659
31/07/2015,98.6637
30/07/2015,98.9552
29/07/2015,99.9726
28/07/2015,101.852
27/07/2015,100.929
26/07/2015,100.034
25/07/2015,98.7558
24/07/2015,98.3486
23/07/2015,93.3249
22/07/2015,93.4428
21/07/2015,93.1153
20/07/2015,94.1999
19/07/2015,92.5991
18/07/2015,93.6574
17/07/2015,94.1531
16/07/2015,93.4092
15/07/2015,98.2054
14/07/2015,101.285
13/07/2015,102.094
12/07/2015,107.479
11/07/2015,101.134
10/07/2015,100.651
09/07/2015,105.046
08/07/2015,101.219
07/07/2015,97.9991
06/07/2015,99.1542
05/07/2015,99.1922
04/07/2015,95.7885
03/07/2015,94.7075
02/07/2015,94.2203
01/07/2015,95.1324
30/06/2015,97.1674
29/06/2015,95.3606
28/06/2015,90.8691
27/06/2015,91.3124
26/06/2015,88.1912
25/06/2015,87.8488
24/06/2015,86.6553
23/06/2015,88.7172
22/06/2015,90.9119
21/06/2015,89.2048
20/06/2015,90.9814
19/06/2015,90.2596
18/06/2015,91.0772
17/06/2015,88.4404
16/06/2015,88.8526
15/06/2015,80.7064
14/06/2015,78.9912
13/06/2015,77.8546
12/06/2015,76.3904
11/06/2015,76.3846
10/06/2015,75.6806
09/06/2015,76.2895
08/06/2015,76.1577
07/06/2015,74.4636
06/06/2015,75.357
05/06/2015,75.0058
04/06/2015,74.2214
03/06/2015,74.7641
02/06/2015,74.6233
01/06/2015,72.4342
31/05/2015,75.9582
30/05/2015,78.0503
29/05/2015,81.3431
28/05/2015,79.9945
27/05/2015,77.642
26/05/2015,76.3005
25/05/2015,75.5346
24/05/2015,76.6877
23/05/2015,75.7238
22/05/2015,75.6181
21/05/2015,71.8786
20/05/2015,71.3628
19/05/2015,69.4555
18/05/2015,67.3609
17/05/2015,68.7085
16/05/2015,68.8964
15/05/2015,69.5279
14/05/2015,68.8319
13/05/2015,68.1408
12/05/2015,69.6332
11/05/2015,68.7272
10/05/2015,68.3922
09/05/2015,69.3213
08/05/2015,69.8406
07/05/2015,68.1969
06/05/2015,66.8307
05/05/2015,68.1788
04/05/2015,69.1829
03/05/2015,69.5929
02/05/2015,68.6724
01/05/2015,68.2928
30/04/2015,69.4152
29/04/2015,66.7295
28/04/2015,66.657
27/04/2015,67.7106
26/04/2015,65.4025
25/04/2015,68.1531
24/04/2015,69.0619
23/04/2015,70.5754
22/04/2015,69.4008
21/04/2015,69.4389
20/04/2015,67.1094
19/04/2015,66.9662
18/04/2015,67.4542
17/04/2015,67.6006
16/04/2015,69.1078
15/04/2015,66.9389
14/04/2015,66.4004
13/04/2015,67.9971
12/04/2015,70.7794
11/04/2015,70.542
10/04/2015,71.1011
09/04/2015,74.0162
08/04/2015,75.5644
07/04/2015,77.1679
06/04/2015,77.0354
05/04/2015,78.08
04/04/2015,76.9517
03/04/2015,77.5216
02/04/2015,76.1498
01/04/2015,74.1684
31/03/2015,63.5306
30/03/2015,64.582
29/03/2015,64.2079
28/03/2015,66.6811
27/03/2015,65.8183
26/03/2015,65.7231
25/03/2015,65.8015
24/03/2015,66.7707
23/03/2015,71.1814
22/03/2015,71.369
21/03/2015,69.6462
20/03/2015,69.9174
19/03/2015,69.715
18/03/2015,68.5067
17/03/2015,75.2049
16/03/2015,76.5745
15/03/2015,75.1212
14/03/2015,75.0011
13/03/2015,74.92
12/03/2015,76.6526
11/03/2015,76.9179
10/03/2015,76.2581
09/03/2015,76.3213
08/03/2015,72.3516
07/03/2015,74.1684
06/03/2015,73.7431
05/03/2015,75.4449
04/03/2015,73.1329
03/03/2015,75.3576
02/03/2015,76.1486
01/03/2015,73.684
28/02/2015,72.9642
27/02/2015,73.3759
26/02/2015,69.6145
25/02/2015,69.7806
24/02/2015,69.9158
23/02/2015,69.5699
22/02/2015,67.7435
21/02/2015,70.31
20/02/2015,70.6127
19/02/2015,70.1119
18/02/2015,69.1357
17/02/2015,70.9076
16/02/2015,68.9471
15/02/2015,68.9715
14/02/2015,75.6159
13/02/2015,70.9434
12/02/2015,67.4852
11/02/2015,66.996
10/02/2015,66.628
09/02/2015,66.83
08/02/2015,67.5529
07/02/2015,68.732
06/02/2015,68.0336
05/02/2015,66.4892
04/02/2015,68.2053
03/02/2015,67.6654
02/02/2015,71.0773
01/02/2015,69.1335
31/01/2015,67.3085
30/01/2015,69.1876
29/01/2015,71.1597
28/01/2015,71.6392
27/01/2015,79.307
26/01/2015,81.3947
25/01/2015,79.61
24/01/2015,77.3604
23/01/2015,72.2905
22/01/2015,72.6261
21/01/2015,71.0714
20/01/2015,66.6193
19/01/2015,67.1327
18/01/2015,66.1834
17/01/2015,63.1233
16/01/2015,66.7011
15/01/2015,67.4344
14/01/2015,57.7205
13/01/2015,70.039
12/01/2015,81.629
11/01/2015,81.5489
10/01/2015,83.901
09/01/2015,92.3118
08/01/2015,88.7782
07/01/2015,93.642
06/01/2015,89.6425
05/01/2015,86.2289
04/01/2015,82.2132
03/01/2015,89.3769
02/01/2015,100.218
01/01/2015,100
