Date,Open,High,Low,Close,Volume,Market Cap
Nov-22-2022,0.0249757599903,0.0249757599903,0.0249757599903,0.0249757599903,4,0
Nov-21-2022,0.024975343323466667,0.024976676657333337,0.024965009986,0.0249757599903,3.997237247806452,0
Nov-20-2022,0.024977843324466665,0.024979426658433335,0.024974176656333332,0.024976093323766668,10.816731638764704,0
Nov-19-2022,0.026030465333333332,0.026030465333333332,0.024977093324166668,0.024977926657833334,11.997499402359999,0
Nov-18-2022,0.026030465333333332,0.026030465333333332,0.026030465333333332,0.026030465333333332,0,0
Nov-17-2022,0.026030465333333332,0.026030465333333332,0.026030465333333332,0.026030465333333332,0,0
Nov-16-2022,0.026030465333333332,0.026030465333333332,0.026030465333333332,0.026030465333333332,0,0
Nov-15-2022,0.026030465333333332,0.026030465333333332,0.026030465333333332,0.026030465333333332,39,0
Nov-14-2022,0.02603394,0.026035677333333337,0.026028728,0.026030465333333332,39.00022086581757,0
Nov-13-2022,0.055919163347766664,0.055919163347766664,0.026030465333333332,0.02603394,39.001411211371284,0
Nov-12-2022,0.055919163347766664,0.055919163347766664,0.055919163347766664,0.055919163347766664,0.3802503049999995,0
Nov-11-2022,0.055908523349666665,0.05594361667673334,0.055865590024,0.055919163347766664,0.38023255159259306,0
Nov-10-2022,0.055947723342666664,0.05595892334066666,0.055624790066999996,0.055910390016000004,0.7237141831191702,0
Nov-09-2022,0.056027989995,0.056027989995,0.055940256677333336,0.055949590008999996,0.3785861880914635,0
Nov-08-2022,0.026068696670000006,0.056046656658333326,0.026067828003,0.05602985666133333,0.023555203342246003,0
Nov-07-2022,0.05601865666333335,0.05601865666333335,0.02606001,0.026067828003,0.02606883175862069,0
Nov-06-2022,0.05601865666333335,0.05601865666333335,0.05601865666333335,0.05601865666333335,0,0
Nov-05-2022,0.05601865666333335,0.05601865666333335,0.05601865666333335,0.05601865666333335,0,0
Nov-04-2022,0.05601865666333335,0.05601865666333335,0.05601865666333335,0.05601865666333335,0.005601866000000008,0
Nov-03-2022,0.056016789997,0.05601865666333335,0.056009323331666666,0.05601865666333335,0.005601408704433487,0
Nov-02-2022,0.056014933333333336,0.05601865666333335,0.055997200000000004,0.05601492333066666,0.01952910111764712,0
Nov-01-2022,0.058013523331,0.058013523331,0.05600373333333333,0.05601306666666667,6.236188535114141,0
Oct-31-2022,0.05802706666666667,0.05802706666666667,0.02500418667,0.058015456664,6.568652808781249,0
Oct-29-2022,0.05803286666666667,0.05803286666666667,0.0580232,0.05802706666666667,6.305687145684197,0
Oct-28-2022,0.025511910004666658,0.05803866666666666,0.025010020008,0.05803093333333333,7.223222263357143,0
Oct-27-2022,0.025510210004,0.025512760005,0.025509360003666666,0.02551106000433333,2.6630573315691537,0
Oct-26-2022,0.025011676671333333,0.025512760005,0.025010010003999997,0.025509360003666666,5.257814292090046,0
Oct-25-2022,0.025010833333333333,0.060034,0.025007500000000002,0.025010843337666663,1.8313538099130433,0
Oct-24-2022,0.060014,0.060014,0.025007500000000002,0.025009166666666666,0.0500194268360656,0
Oct-23-2022,0.060014,0.060014,0.060014,0.060014,0,0
Oct-22-2022,0.060014,0.060014,0.060014,0.060014,0,0
Oct-21-2022,0.060014,0.060014,0.060014,0.060014,11,0
Oct-20-2022,0.060011999999999996,0.06001999999999998,0.059996999999999995,0.060014,21.643130411999998,0
Oct-19-2022,0.04000533333333333,0.060017999999999995,0.021603610001666666,0.060014,80.9059690665368,0
Oct-18-2022,0.050008333333333335,0.050008333333333335,0.021503583333333333,0.04000533333333333,49.371428571428574,0
Oct-17-2022,0.05000666666666667,0.05001166666666667,0.050005,0.050008333333333335,57.13124441593617,0
Oct-16-2022,0.05000666666666667,0.050008333333333335,0.02010201,0.050008333333333335,82.22651688469777,0
Oct-15-2022,0.04200279999999999,0.05001,0.042,0.05000666666666667,74.3842492157183,0
Oct-14-2022,0.04400146666666666,0.04400733333333333,0.014009562999,0.0420014,5.723260232146944,0
Oct-13-2022,0.01350135,0.05000832333166667,0.01350045,0.04400146666666666,19.31394958016583,0
Oct-12-2022,0.050005,0.05000666666666667,0.0010000666666666667,0.01350135,129.57704267418106,0
Oct-11-2022,0.02799906666666667,0.07500248999966667,0.00006999743333333333,0.050005,18.95261651629216,0
Oct-10-2022,0.02800186666666666,0.0280028,0.027998133333333335,0.02799906666666667,0.02800017165306122,0
Oct-09-2022,0.03500583333333333,0.03500583333333333,0.02799906666666667,0.02800186666666666,0.02800065166037736,0
Oct-08-2022,0.03500583333333333,0.03500583333333333,0.03500583333333333,0.03500583333333333,0,0
Oct-07-2022,0.03500583333333333,0.03500583333333333,0.03500583333333333,0.03500583333333333,0,0
Oct-06-2022,0.03500583333333333,0.03500583333333333,0.03500583333333333,0.03500583333333333,0,0
Oct-05-2022,0.03500583333333333,0.03500583333333333,0.03500583333333333,0.03500583333333333,0,0
Oct-04-2022,0.03500583333333333,0.03500583333333333,0.03500583333333333,0.03500583333333333,0,0
Oct-03-2022,0.03500583333333333,0.03500583333333333,0.03500583333333333,0.03500583333333333,0,0
Oct-02-2022,0.03500583333333333,0.03500583333333333,0.03500583333333333,0.03500583333333333,0,0
Oct-01-2022,0.03500583333333333,0.03500583333333333,0.03500583333333333,0.03500583333333333,0,0
Sep-30-2022,0.03500583333333333,0.03500583333333333,0.03500583333333333,0.03500583333333333,0,0
Sep-29-2022,0.03500583333333333,0.03500583333333333,0.03500583333333333,0.03500583333333333,0,0
Sep-28-2022,0.03500583333333333,0.03500583333333333,0.03500583333333333,0.03500583333333333,0,0
Sep-27-2022,0.03500583333333333,0.03500583333333333,0.03500583333333333,0.03500583333333333,0,0
Sep-26-2022,0.03500583333333333,0.03500583333333333,0.03500583333333333,0.03500583333333333,0,0
Sep-25-2022,0.03500583333333333,0.03500583333333333,0.03500583333333333,0.03500583333333333,0,0
Sep-24-2022,0.03500583333333333,0.03500583333333333,0.03500583333333333,0.03500583333333333,0,0
Sep-23-2022,0.03500583333333333,0.03500583333333333,0.03500583333333333,0.03500583333333333,0,0
Sep-22-2022,0.03500583333333333,0.03500583333333333,0.03500583333333333,0.03500583333333333,0.8751458529999995,0
Sep-21-2022,0.03500583333333333,0.03501166666666666,0.0350035,0.03500583333333333,0.8751629632173917,0
Sep-20-2022,0.04000799999999999,0.04000799999999999,0.0350035,0.03500583333333333,0.8751616136393437,0
Sep-19-2022,0.04000799999999999,0.04000799999999999,0.04000799999999999,0.04000799999999999,0,0
Sep-18-2022,0.04000799999999999,0.04000799999999999,0.04000799999999999,0.04000799999999999,0,0
Sep-17-2022,0.04000799999999999,0.04000799999999999,0.04000799999999999,0.04000799999999999,0,0
Sep-16-2022,0.04000799999999999,0.04000799999999999,0.04000799999999999,0.04000799999999999,0,0
Sep-15-2022,0.04000799999999999,0.04000799999999999,0.04000799999999999,0.04000799999999999,0.968193591000001,0
Sep-14-2022,0.040008,0.040012,0.040002666666666666,0.04000799999999999,4.798628193766252,0
Sep-13-2022,0.03723725430533333,0.08001598999800001,0.03723229,0.040008,12.508338864109247,0
Sep-12-2022,0.03601188,0.037243459687,0.03601188,0.03723725430533333,4.996488627046875,0
Sep-11-2022,0.03601188,0.03601188,0.03601188,0.03601188,0,0
Sep-10-2022,0.03601188,0.03601188,0.03601188,0.03601188,0,0
Sep-09-2022,0.03601188,0.03601188,0.03601188,0.03601188,0,0
Sep-08-2022,0.03601188,0.03601188,0.03601188,0.03601188,0,0
Sep-07-2022,0.03601188,0.03601188,0.03601188,0.03601188,0,0
Sep-06-2022,0.03601188,0.03601188,0.03601188,0.03601188,0,0
Sep-05-2022,0.03601188,0.03601188,0.03601188,0.03601188,0,0
Sep-04-2022,0.03601188,0.03601188,0.03601188,0.03601188,0,0
Sep-03-2022,0.03601188,0.03601188,0.03601188,0.03601188,0,0
Sep-02-2022,0.03601188,0.03601188,0.03601188,0.03601188,0,0
Sep-01-2022,0.03601188,0.03601188,0.03601188,0.03601188,0,0
Aug-31-2022,0.03601188,0.03601188,0.03601188,0.03601188,0,0
Aug-30-2022,0.03601188,0.03601188,0.03601188,0.03601188,0,0
Aug-29-2022,0.03601188,0.03601188,0.03601188,0.03601188,0,0
Aug-28-2022,0.03601188,0.03601188,0.03601188,0.03601188,0,0
Aug-27-2022,0.03601188,0.03601188,0.03601188,0.03601188,0,0
Aug-26-2022,0.03601188,0.03601188,0.03601188,0.03601188,0,0
Aug-25-2022,0.03601188,0.03601188,0.03601188,0.03601188,0,0
Aug-24-2022,0.03601188,0.03601188,0.03601188,0.03601188,0,0
Aug-23-2022,0.03601188,0.03601188,0.03601188,0.03601188,0,0
Aug-22-2022,0.03601188,0.03601188,0.03601188,0.03601188,0,0
Aug-21-2022,0.03601188,0.03601188,0.03601188,0.03601188,0,0
Aug-20-2022,0.03601188,0.03601188,0.03601188,0.03601188,0,0
Aug-19-2022,0.03601188,0.03601188,0.03601188,0.03601188,0,0
Aug-18-2022,0.03601188,0.03601188,0.03601188,0.03601188,0,0
Aug-17-2022,0.03601188,0.03601188,0.03601188,0.03601188,0,0
Aug-16-2022,0.03601188,0.03601188,0.03601188,0.03601188,0,0
Aug-15-2022,0.03601188,0.03601188,0.03601188,0.03601188,0,0
Aug-14-2022,0.03601188,0.03601188,0.03601188,0.03601188,0,0
Aug-13-2022,0.03601188,0.03601188,0.03601188,0.03601188,0,0
Aug-12-2022,0.03601188,0.03601188,0.03601188,0.03601188,0,0
Aug-11-2022,0.03601188,0.03601188,0.03601188,0.03601188,0,0
Aug-10-2022,0.03601188,0.03601188,0.03601188,0.03601188,2,0
Aug-09-2022,0.0360042,0.036020399999999994,0.03600083999999999,0.03601188,2.0144071210872485,0
Aug-08-2022,0.056007466666666665,0.0560112,0.0360024,0.0360048,60.65238156859433,0
Aug-07-2022,0.0579962100186,0.0579962100186,0.05599906666666666,0.0560056,43.40576273003355,0
Aug-06-2022,0.0579962100186,0.0579962100186,0.0579962100186,0.0579962100186,0,0
Aug-05-2022,0.0579962100186,0.0579962100186,0.0579962100186,0.0579962100186,0.092793934,0
Aug-04-2022,0.058003556646000015,0.058011289938,0.057991956708,0.0579962100186,0.08460034132727265,0
Aug-03-2022,0.03100448333906666,0.0580054033324,0.0309956999944,0.058003556646000015,0.4343479593679997,0
Aug-02-2022,0.04301003333333333,0.04301003333333333,0.03100014333346667,0.03100334667093333,0.9673249976796863,0
Aug-01-2022,0.04301003333333333,0.04301003333333333,0.04301003333333333,0.04301003333333333,0.04301003399999995,0
Jul-31-2022,0.043011466666666665,0.043014333333333335,0.04300702333333333,0.04301003333333333,0.5460432531172437,0
Jul-30-2022,0.043011466666666665,0.04301576666666666,0.043007166666666666,0.0430086,1.3264676284386792,0
Jul-29-2022,0.043014333333333335,0.04301719999999999,0.0430086,0.043011466666666665,0.1637129774075829,0
Jul-28-2022,0.035007020003999995,0.04301719999999999,0.03500468666933333,0.043014333333333335,1.328293971988331,0
Jul-27-2022,0.04520903999999999,0.04520903999999999,0.035003520002,0.035007020003999995,2.9718953745361705,0
Jul-26-2022,0.04520452,0.04521808,0.04519849333333333,0.04520903999999999,17.04136066929316,0
Jul-25-2022,0.04749984166666666,0.047503325,0.03499768666533333,0.04520602666666666,5.211160089805084,0
Jul-24-2022,0.05800386666666667,0.05800773333333333,0.047499525,0.04749984166666666,0.09298792050267378,0
Jul-23-2022,0.03499906666666667,0.05900589999999999,0.03499895,0.05800966666666667,1.2441679712968041,0
Jul-22-2022,0.059002950000000005,0.059007866666666665,0.029,0.0350014,1.1137650046929466,0
Jul-21-2022,0.059007866666666665,0.0590118,0.02800186666666666,0.059002950000000005,26.693250969516438,0
Jul-20-2022,0.02680357333333333,0.07889293739893334,0.02679928533333333,0.05900983333333333,164.2651870017907,0
Jul-19-2022,0.050001833333333336,0.088008789999,0.02314924833266667,0.02680357333333333,126.32013769711276,0
Jul-18-2022,0.049995333333333336,0.050005,0.0299993,0.050001833333333336,32.7495493720647,0
Jul-17-2022,0.04999166666666668,0.05000333333333334,0.04998666666666667,0.04999516666666667,45.151458388866395,0
Jul-16-2022,0.04999166666666668,0.04999833333333334,0.04998666666666667,0.04999166666666668,0.060838797665289164,0
Jul-15-2022,0.04997333333333334,0.05000333333333334,0.04997333333333334,0.04999166666666668,0.1847509031639344,0
Jul-14-2022,0.04997166666666666,0.049975,0.049965,0.04997333333333334,14.885771025304965,0
Jul-13-2022,0.0299681,0.0899457,0.0299681,0.04997333333333334,129.847914390565,0
Jul-12-2022,0.0299681,0.0299681,0.0299681,0.0299681,0.20977670000000023,0
Jul-11-2022,0.0299752,0.029977,0.0299655,0.0299681,0.20980350016822416,0
Jul-10-2022,0.051953190009000005,0.051953190009000005,0.0299729,0.0299752,0.20984841566917295,0
Jul-09-2022,0.051953190009000005,0.051953190009000005,0.051953190009000005,0.051953190009000005,0,0
Jul-08-2022,0.051953190009000005,0.051953190009000005,0.051953190009000005,0.051953190009000005,0,0
Jul-07-2022,0.051953190009000005,0.051953190009000005,0.051953190009000005,0.051953190009000005,0,0
Jul-06-2022,0.051953190009000005,0.051953190009000005,0.051953190009000005,0.051953190009000005,10,0
Jul-05-2022,0.051950936676100005,0.051956656675,0.0519466033436,0.051953190009000005,10.00654077011413,0
Jul-04-2022,0.0519506,0.05195562666666667,0.051929096680300005,0.051950936676100005,13.039443200457029,0
Jul-03-2022,0.05194488,0.05195250666666666,0.05194488,0.0519506,8.320852677805824,0
Jul-02-2022,0.05194817333333333,0.05195129333333333,0.05193933333333333,0.05194488,9,0
Jul-01-2022,0.05195493333333333,0.05199640104505558,0.0299721,0.051948,8.170828615392672,0
Jun-30-2022,0.034964766666666675,0.05196186666666666,0.034964766666666675,0.05195493333333333,1.2228632855879131,0
Jun-29-2022,0.034967916666666675,0.034971766666666675,0.03496068333333334,0.034964766666666675,3.0297952890333333,0
Jun-28-2022,0.03497223333333334,0.03497223333333334,0.03496243333333334,0.034964300000000004,2.987573800991736,0
Jun-27-2022,0.03497141666666667,0.03497258333333334,0.03497141666666667,0.03497223333333334,2,0
Jun-26-2022,0.0349895,0.03499183333333333,0.03497141666666667,0.03497141666666667,2.0022394883719006,0
Jun-25-2022,0.053889088896,0.05397605999999999,0.03498366666666667,0.03499416666666667,0.8741035565974026,0
Jun-24-2022,0.05388567373466666,0.053897177436,0.053877225704000005,0.053889088896,0.007425075075581405,0
Jun-23-2022,0.0399584099896,0.053892683802666666,0.029965,0.05388567373466666,2.3409005327632637,0
Jun-22-2022,0.05993,0.0599342,0.03995147665453334,0.0399584099896,5.171343552671586,0
Jun-21-2022,0.0599362,0.0599382,0.059916800000000006,0.05993,3.720201443468749,0
Jun-20-2022,0.0399532099883,0.059944,0.03994694332006667,0.0599384,8.902171644284977,0
Jun-19-2022,0.07481035967863334,0.07482459067673333,0.03994654331996667,0.0399532099883,21.666935059871683,0
Jun-18-2022,0.05694034,0.07481060934526668,0.05693312,0.07481035967863334,10.761402368543104,0
Jun-17-2022,0.039962666666666674,0.05694205,0.03993814331786667,0.05694015000000001,10.208395351313612,0
Jun-16-2022,0.039962666666666674,0.039962666666666674,0.039962666666666674,0.039962666666666674,0.291727453,0
Jun-15-2022,0.039976,0.03998,0.039962666666666674,0.039962666666666674,0.42904259847142817,0
Jun-14-2022,0.039972,0.0569734,0.039946,0.03997333333333334,11.992695481734803,0
Jun-13-2022,0.059948,0.05995399999999999,0.03996,0.039972,9.768089510838708,0
Jun-12-2022,0.05996599999999999,0.05996599999999999,0.059946,0.05995,14.93109732112676,0
Jun-11-2022,0.059968,0.059976,0.059962,0.05996599999999999,22.45442364666892,0
Jun-10-2022,0.04997,0.05997,0.04996833333333334,0.05996599999999999,40.44645301622565,0
Jun-09-2022,0.04228308,0.04997166666666666,0.04228308,0.04997,9.772571699959183,0
Jun-08-2022,0.04228731,0.04229154,0.04228025999999999,0.04228308,6.514285714285714,0
Jun-07-2022,0.04098223333333333,0.04229295,0.04098223333333333,0.0422859,3.378223221237705,0
Jun-06-2022,0.04098223333333333,0.04098223333333333,0.04098223333333333,0.04098223333333333,0,0
Jun-05-2022,0.04098223333333333,0.04098223333333333,0.04098223333333333,0.04098223333333333,0,0
Jun-04-2022,0.04098223333333333,0.04098223333333333,0.04098223333333333,0.04098223333333333,0.3073667590000002,0
Jun-03-2022,0.0409795,0.04098223333333333,0.04097676666666666,0.04098223333333333,0.30735913407499915,0
Jun-02-2022,0.03998666666666666,0.0409877,0.03998666666666666,0.04098223333333333,0.44735248426108354,0
Jun-01-2022,0.039988,0.04000933333333333,0.03998533333333333,0.03998666666666666,1.4436120958260807,0
May-31-2022,0.03997853333333333,0.039988,0.039970533333333336,0.039988,1.8860683277424892,0
May-30-2022,0.03997733333333333,0.039982666666666666,0.0399728,0.03997853333333333,11.694194654618055,0
May-29-2022,0.05895221,0.05895221,0.03997626666666667,0.03997733333333333,11,0
May-28-2022,0.05895221,0.05895221,0.05895221,0.05895221,0,0
May-27-2022,0.05895221,0.05895221,0.05895221,0.05895221,0,0
May-26-2022,0.05895221,0.05895221,0.05895221,0.05895221,0,0
May-25-2022,0.05895221,0.05895221,0.05895221,0.05895221,2,0
May-24-2022,0.058951423333333336,0.05895771666666667,0.05894591666666667,0.05895221,3.2076077517725117,0
May-23-2022,0.04465873699076667,0.05895555333333333,0.04465828999066667,0.05895555333333333,6.837807386734177,0
May-22-2022,0.04465873699076667,0.04465873699076667,0.04465873699076667,0.04465873699076667,0.093783349,0
May-21-2022,0.0446570979904,0.0446602269911,0.0446570979904,0.04465873699076667,0.09378336828767143,0
May-20-2022,0.0446620149915,0.04466261099163333,0.044641899987,0.0446570979904,0.5232017568733035,0
May-19-2022,0.05996,0.059961,0.04465530999,0.0446620149915,0.5569637451733862,0
May-18-2022,0.0449511,0.059962,0.0449511,0.05996,2.159271755319796,0
May-17-2022,0.0449652,0.0449661,0.04494585,0.0449511,15.995445962854054,0
May-16-2022,0.07642655000960001,0.07643318000873334,0.04496085,0.04496385,11.045610465959184,0
May-15-2022,0.045559009955,0.076446440007,0.04545541,0.07643037500910002,12.97641987635632,0
May-14-2022,0.045559009955,0.045559009955,0.045559009955,0.045559009955,0,0
May-13-2022,0.045559009955,0.045559009955,0.045559009955,0.045559009955,2,0
May-12-2022,0.045527089920000006,0.04558940998833333,0.04551796991,0.045559009955,27.37071125819318,0
May-11-2022,0.06730885968833333,0.07629345,0.04548452987333333,0.045525569918333335,45.51428949247541,0
May-10-2022,0.07671534000000002,0.07671534000000002,0.06730660968466667,0.06730885968833333,1.2516271676431376,0
May-09-2022,0.07668977333333334,0.07671789666666667,0.07668977333333334,0.07671789666666667,0.6980506908124999,0
May-08-2022,0.07668977333333334,0.07668977333333334,0.07668977333333334,0.07668977333333334,0.07668977199999995,0
May-07-2022,0.07669488666666667,0.07671022666666667,0.07668466,0.07668977333333334,0.6077872170047831,0
May-06-2022,0.4996161999875944,0.4998089539627449,0.07669233,0.07669488666666667,16.69061163198684,0
May-05-2022,0.5165793943084341,0.5165793943084341,0.099989990001,0.4996328544160748,10.893696283615009,0
May-04-2022,0.5165105193516916,0.5165793943084341,0.5165105193516916,0.5165793943084341,25.999076190481283,0
May-03-2022,0.07669744333333335,0.5165621755692485,0.07669744333333335,0.5165105193516916,33.795659685124996,0
May-02-2022,0.0767,0.07670511333333334,0.07669233,0.07669744333333335,41.6979997133,0
May-01-2022,0.0810162,0.0810162,0.07669488666666667,0.07670255666666667,14.165042096376622,0
Apr-30-2022,0.0810216,0.0810297,0.0810135,0.0810162,0.06481634332777764,0
Apr-29-2022,0.0810054,0.0810216,0.0810027,0.0810216,3.1643665422528757,0
Apr-28-2022,0.0810081,0.08101080000000001,0.08099730000000001,0.0810054,10.218769890919642,0
Apr-27-2022,0.126012589999,0.126012589999,0.0810081,0.08101080000000001,7.142857142857143,0
Apr-26-2022,0.126012589999,0.12601678999866667,0.12600838999933334,0.126012589999,8.002552184791666,0
Apr-25-2022,0.08002402000600001,0.12604618999633332,0.08001868667133334,0.12601678999866667,13.946399532220513,0
Apr-24-2022,0.07672557666999998,0.12904724998166667,0.07672302000299999,0.08002135333866667,115.06957699003571,0
Apr-23-2022,0.07672556666666665,0.4792715086416332,0.07671789666666667,0.07672557666999998,72.47745354752969,0
Apr-22-2022,0.090018,0.506266973484616,0.07672045333333334,0.07672556666666665,156.85575861504282,0
Apr-21-2022,0.4999422319078701,0.4999422319078701,0.07671022666666667,0.09002099999999999,39.5859698546579,0
Apr-20-2022,0.2923875311957831,0.4999588916510108,0.07652041000266666,0.4999422319078701,145.36038845633817,0
Apr-19-2022,0.07651786000233332,0.29239727484851563,0.07651786000233332,0.07652296000299999,257.6685328587554,0
Apr-18-2022,0.4996497360135088,0.4996663865645624,0.07651531000199999,0.07652296000299999,97.77873284200416,0
Apr-17-2022,0.12904295998666665,0.4999598946715699,0.07651786000233332,0.4996497360135088,194.80269382718814,0
Apr-16-2022,0.129038659988,0.129051559984,0.12903005999066666,0.1290472599853333,243.3911657600805,0
Apr-15-2022,0.47498211058965,0.47525511923947394,0.12903005999066666,0.129038659988,347.51477975890816,0
Apr-14-2022,0.11002566666666666,0.4749979391057321,0.067513670034,0.47498211058965,475.3092263926565,0
Apr-13-2022,0.49990927171259136,0.4999425912228198,0.06751580001166667,0.11002200000000002,1395.5872669786486,0
Apr-12-2022,0.110033,0.4999592509779339,0.110022,0.49989261195747714,357.79877167918136,0
Apr-11-2022,0.11003666666666666,0.11004033333333332,0.11002566666666666,0.110033,0.2819437921203001,0
Apr-10-2022,0.12905157999199998,0.12906017999066663,0.064015043359,0.11003666666666666,24.332256089150007,0
Apr-09-2022,0.066015430007,0.066015430007,0.066015430007,0.066015430007,117,0
Apr-08-2022,0.49989225267844817,0.49989225267844817,0.060012,0.066015430007,60.78687203672477,0
Apr-07-2022,0.4994121643123648,0.5341133075983424,0.06800678999899999,0.49989225267844817,1603.8015828342598,0
Apr-06-2022,0.056111280012,0.4994621005351738,0.056105670006,0.4994121643123648,598.1764178894439,0
Apr-05-2022,0.07401232333166667,0.074022189997,0.056111280012,0.056113150014,1.4945362102478992,0
Apr-04-2022,0.05621498666666667,0.07401972333066667,0.05620562,0.07401478999799999,3.1671460236265556,0
Apr-03-2022,0.48481004095490055,0.4881717226088179,0.056105640003,0.056213113333333335,278.50559908751853,0
Apr-02-2022,0.14116000803275183,0.4964064991749215,0.056014943336,0.48481004095490055,442.81676005159113,0
Apr-01-2022,0.08003465666233334,0.14116941587760057,0.08001593998800001,0.14116000803275183,10.161334669635984,0
Mar-31-2022,0.076020256664,0.080039989995,0.052119113337,0.08003465666233334,4.24839009278688,0
Mar-30-2022,0.09002398999733333,0.090026989997,0.052113893333333335,0.076022789997,9.905197987947917,0
Mar-29-2022,0.09203066666666666,0.0920368,0.052108683333333336,0.09002098999766667,32.814682011495094,0
Mar-28-2022,0.080024,0.09204293333333335,0.08002133333333333,0.09203066666666666,34.4319352248868,0
Mar-27-2022,0.09002142995920001,0.09202116,0.04560841000916668,0.080024,25.010008057786607,0
Mar-27-2022,0.08804106666666665,0.09004182992066669,0.06002199999999999,0.09002442995353331,145.40653844465353,0
Mar-26-2022,0.064031969985,0.08804693333333333,0.064025569988,0.08804106666666665,259.49681149960287,0
Mar-25-2022,0.48684742347681126,0.48687986699430286,0.06402344665933332,0.06402983665266666,229.21528240165154,0
Mar-24-2022,0.06402131332666665,0.48689608875304846,0.06401704666133333,0.486863645235557,18.076465273325585,0
Mar-23-2022,0.06402131332666666,0.06402771332466665,0.06401704666133333,0.06402131332666665,27.402408427198274,0
Mar-22-2022,0.06401704666133333,0.064025579992,0.06401064666333332,0.06402131332666666,12.768278711149424,0
Mar-21-2022,0.28232178623191906,0.34003914128102786,0.06401704666133333,0.06401704666133333,246.44664080002747,0
Mar-20-2022,0.05302196623333333,0.37311103228134646,0.0530201996,0.28230297418552674,242.0862512509711,0
Mar-19-2022,0.5071687550523626,0.5071976380528236,0.04471640000366666,0.05302196623333333,60.17546644299988,0
Mar-18-2022,0.044722360005,0.5072701448677863,0.044722360005,0.05002165666233333,125.58872411486499,0
Mar-17-2022,0.04471938000433333,0.04472534000566666,0.044717890004,0.044722360005,8.456497017217687,0
Mar-16-2022,0.05102380000000001,0.0510255,0.044713420003,0.04472087000466667,2.7634152475343137,0
Mar-15-2022,0.498930289353896,0.4990300421608311,0.05101529999999999,0.05102380000000001,63.28313430185637,0
Mar-14-2022,0.05301136643333333,0.498963540289541,0.0510068,0.4989469148217185,41.02619656293172,0
Mar-13-2022,0.28866360032129657,0.5081287150028209,0.0530042999,0.05301136643333333,10.95902895363864,0
Mar-12-2022,0.04470902001600001,0.2886828413544791,0.044704550008000006,0.2886732208378879,19.292411681531124,0
Mar-11-2022,0.046023,0.04602453333333333,0.04470753001333334,0.04471051001866667,18.084376752933334,0
Mar-10-2022,0.05691896666666666,0.05694172666666667,0.04592141999999999,0.046023,11.862809326241667,0
Mar-09-2022,0.05691138,0.05692086333333333,0.05691138,0.05691896666666666,5.134848512770991,0
Mar-08-2022,0.14353870026973423,0.14427617843448157,0.05691138,0.056913276666666665,97.41267095174234,0
Mar-07-2022,0.04502041180333335,0.34708481313037376,0.04471043,0.14353870026973428,63.04625658794063,0
Mar-06-2022,0.050018323329666665,0.0560224,0.045018911623,0.04502041180333335,20.339889076585145,0
Mar-05-2022,0.050018323329666665,0.05002165666233333,0.050014989997,0.05001665666333335,17.44463241041206,0
Mar-04-2022,0.045215200492,0.05002165666233333,0.04521369377066667,0.050018323329666665,48.57950377871795,0
Mar-03-2022,0.050024989995,0.050024989995,0.04521369377066667,0.045215200492,33.373621802099585,0
Mar-02-2022,0.05002832332766666,0.05002998999399998,0.05002165666233333,0.050024989995,40.02502561006148,0
Mar-01-2022,0.04603079675333333,0.05002998999399998,0.04602249714733333,0.05002832332766666,21.827680286596493,0
Feb-28-2022,0.04603079675333333,0.04603079675333333,0.04603079675333333,0.04603079675333333,3,0
Feb-27-2022,0.046032330091,0.046033863428666666,0.046027730077999984,0.04603079675333333,3.3353920308688525,0
Feb-26-2022,0.045234081708,0.4846003553980308,0.045229561464,0.046032330091,167.55417294294773,0
Feb-25-2022,0.060041669769,0.531921743008794,0.04522504122,0.045234081708,41.07839294595319,0
Feb-24-2022,0.4945315540577711,0.494844548712238,0.060037669791,0.060041669769,666.1765423820609,0
Feb-23-2022,0.06004766973600001,0.5064625234913236,0.060035669802,0.4945315540577711,388.1852042815842,0
Feb-22-2022,0.060046,0.06005200000000001,0.045237671208,0.06004766973600001,3.6688170582415163,0
Feb-21-2022,0.04523100391333333,0.06005799999999999,0.045227990522,0.060046,4.697556996472362,0
Feb-20-2022,0.06404051332066665,0.06404691331866666,0.045227990522,0.04523100391333333,18.219182775372342,0
Feb-19-2022,0.045039227331999984,0.06404264665333333,0.04503622651733333,0.06403837998799998,29.692747963300974,0
Feb-18-2022,0.04503553368666666,0.14730696569186738,0.04503403350233333,0.045040727739333326,80.57479640691415,0
Feb-17-2022,0.04503380335666666,0.20083482555960916,0.04503080300333333,0.045037033871,45.55392305099512,0
Feb-16-2022,0.045035203466666666,0.0640448,0.04502930282666666,0.04503230318,5.791625757119173,0
Feb-15-2022,0.06613300997999999,0.06613961997600001,0.04502173034066666,0.045035203466666666,12.664731766886016,0
Feb-14-2022,0.4287400254542312,0.4456591730648613,0.04502408004266666,0.066135213312,49.128482009604554,0
Feb-13-2022,0.066139639988,0.4287543077429635,0.04453647304166666,0.4287400254542312,112.28110216375,0
Feb-12-2022,0.066146249986,0.06615065665133334,0.044537796654,0.066139639988,34.91858228363485,0
Feb-11-2022,0.04455028920699999,0.06616387664733332,0.044545928256,0.06615065665133334,74.80388485884033,0
Feb-10-2022,0.06616370648299999,0.06616590981,0.04374137721733332,0.04455177288133333,25.68987308502,0
Feb-09-2022,0.05004333333333332,0.06617031646399998,0.043736786975,0.06616370648299999,49.31375282637755,0
Feb-08-2022,0.06614845331866664,0.066163766541,0.050041666666666665,0.05004333333333332,17.596394209012246,0
Feb-07-2022,0.06805437998399999,0.068061179982,0.066146249986,0.066152859984,33.625018737276285,0
Feb-06-2022,0.04348331166666666,0.07105433325666667,0.04347896666666667,0.06805437998399999,43.06927109635616,0
Feb-05-2022,0.05003489993,0.05003989992,0.04347607000000001,0.043481863333333336,7.5288847321000025,0
Feb-04-2022,0.05002989994,0.05003489993,0.04342461334466666,0.05003489993,6.2907176606869575,0
Feb-03-2022,0.05002989994000001,0.05003323326666666,0.05002239995499999,0.05002989994,8.111597576553196,0
Feb-02-2022,0.05003156660333333,0.05003156660333333,0.05002489995,0.05002823327666666,7.787676030557522,0
Feb-01-2022,0.04327595,0.05003323326666666,0.043271625,0.05002823327666666,138.92622416749796,0
Jan-31-2022,0.04327018333333334,0.05002832332766666,0.04326874166666666,0.04327595,447.40699930986995,0
Jan-30-2022,0.049021223329,0.04992661333333333,0.0432673,0.04327306666666666,27.689632605578474,0
Jan-29-2022,0.04902123333333333,0.049027756661,0.04322016,0.049021223329,38.824703625858376,0
Jan-28-2022,0.050018323329666665,0.05002832332766666,0.04291287,0.0490245,46.77929755216568,0
Jan-27-2022,0.04292717,0.051886325021,0.04292431,0.050019989996,255.3240688641823,0
Jan-26-2022,0.048919424256,0.07365148997899999,0.04292574,0.04292717,30.21053693332377,0
Jan-25-2022,0.048904450005,0.048917794912,0.04890119133766667,0.048917794912,6.44505290125926,0
Jan-24-2022,0.07363922331733333,0.07364903664666667,0.04851303336,0.04890607933866666,10.910346981242995,0
Jan-23-2022,0.05752499670133333,0.07364412998200001,0.042917170004,0.07364412998200001,21.46566490309467,0
Jan-22-2022,0.05751916666666668,0.057532663378666665,0.057515333333333335,0.05752691337066666,249.94510493475656,0
Jan-21-2022,0.071516673331,0.07362451332666665,0.04100701336333333,0.05751916666666668,304.43018337287134,0
Jan-20-2022,0.07302189999999999,0.07363677999,0.05127066452666666,0.07151428999800001,83.65235524752973,0
Jan-19-2022,0.059023640016,0.07303163333333333,0.059017740012,0.07302433333333334,29.817667205300022,0
Jan-18-2022,0.07332932,0.07362943999999999,0.059015773344,0.059023640016,31.68072508031819,0
Jan-17-2022,0.07332932,0.07333420666666665,0.06271870997,0.07332687666666667,18.103540152031577,0
Jan-16-2022,0.07332687666666667,0.07333420666666667,0.07331954666666667,0.07333176333333333,27.805657382126828,0
Jan-15-2022,0.06272288996333333,0.07333420666666667,0.06272079996666668,0.07332687666666667,20.309965373616375,0
Jan-14-2022,0.07332687666666667,0.07333420666666667,0.06271661997333333,0.06272288996333333,4.269447790637238,0
Jan-13-2022,0.07332932,0.07333665,0.07331954666666667,0.07332932,64.66577997341784,0
Jan-12-2022,0.07362207999999999,0.07364170666666667,0.06161437333333333,0.07332932,165.10558599070183,0
Jan-11-2022,0.070006989999,0.070028,0.06800452333266664,0.07002566666666667,16.230515500216985,0
Jan-10-2022,0.073002423333,0.07301458999800002,0.05710776335333333,0.070006989999,18.844486647238533,0
Jan-09-2022,0.057101983336,0.073019456664,0.057101983336,0.073002423333,3.655983138078788,0
Jan-08-2022,0.0735882086291,0.0736021926728,0.0570955119936,0.057103886672,122.65573085985787,0
Jan-07-2022,0.4158460063252452,0.4240794603523072,0.05708648633333334,0.0735882086291,400.46924567537883,0
Jan-06-2022,0.05760014,0.4997439809644965,0.0569939199335,0.4158473926264718,259.0759610051565,0
Jan-05-2022,0.05799807666633334,0.070006989999,0.05759034797620001,0.057602060004666666,52.89528854755883,0
Jan-04-2022,0.060008010201,0.062012410002000015,0.05799034333166667,0.057996143332666665,14.296549198809304,0
Jan-03-2022,0.060014,0.073607610025,0.06,0.060008010201,15.096046784343136,0
Jan-02-2022,0.071714500032,0.07361497005,0.060008,0.060014,13.391068232171715,0
Jan-01-2022,0.07360027,0.07361008336933333,0.07170494001066664,0.07170972002133333,7.405769836801527,0
Dec-31-2021,0.07360272334233332,0.07361499005399998,0.07359536331533333,0.07360027,29.217606655487067,0
Dec-30-2021,0.07360269334133333,0.07361499005399998,0.07170079,0.07360272334233332,50.92347357206072,0
Dec-29-2021,0.07361250670666666,0.08902076666666665,0.07360272334233332,0.07360514668266664,10.481532081890053,0
Dec-28-2021,0.07362476341000002,0.07363458677866665,0.07361005336533333,0.07361250670666666,28.345350967341993,0
Dec-27-2021,0.3696730489133421,0.4395749587952461,0.07362476341000002,0.073629670092,38.023723331086366,0
Dec-26-2021,0.089643743994,0.3971236915094278,0.07363202338966666,0.36968536477984376,194.5352500198205,0
Dec-25-2021,0.089644789995,0.089662709993,0.089634784995,0.089634784995,37.911954402925005,0
Dec-24-2021,0.089922949663,0.089931938662,0.07362711671433333,0.08964180332866667,9.879766687612612,0
Dec-23-2021,0.07362445330666668,0.08994174323533333,0.073617193338,0.08991995333000002,4.31177666007109,0
Dec-22-2021,0.07362445330666666,0.07699154855333333,0.07361954664533334,0.07363181329866667,7.969892460371981,0
Dec-21-2021,0.073577616665,0.07362935996799999,0.07357026111000001,0.07362445330666666,17.547146077590906,0
Dec-20-2021,0.4862644637607023,0.49064012869512,0.073569653344,0.073577616665,221.614987544842,0
Dec-19-2021,0.090047969984,0.49551476034214215,0.09003283994133333,0.486280666635107,235.4938289994699,0
Dec-18-2021,0.090032969989,0.090050969983,0.071912963,0.090047969984,22.62959030269792,0
Dec-17-2021,0.08902960664666666,0.09002996998999997,0.07501999999999999,0.09002996998999997,17.366528892403057,0
Dec-16-2021,0.08904443997,0.08905333996400001,0.089026639982,0.089026639982,184.86190011883426,0
Dec-15-2021,0.093837489988,0.09384061665366666,0.07183889670466667,0.08904147330533335,26.82941983540833,0
Dec-14-2021,0.09505065666133332,0.09506015666033334,0.071834179545,0.09384061665366666,3.718233553926316,0
Dec-13-2021,0.07185568187333333,0.09509815665633332,0.07185089468599999,0.09505065666133332,36.985536612004516,0
Dec-12-2021,0.09595329273833332,0.095966079265,0.07184610749866666,0.07185568187333333,15.726289928761462,0
Dec-11-2021,0.09594464328199998,0.09596288263333332,0.07173665039999999,0.09595329273833332,5.722315681149755,0
Dec-10-2021,0.09596064660966666,0.09596384327333334,0.095935053293,0.095941446619,7.930767234307338,0
Dec-09-2021,0.09998649993066663,0.09999981992,0.071758150632,0.09596064660966666,4.151231596864198,0
Dec-08-2021,0.099989869964,0.100009829934,0.07176054065833333,0.09998649993066663,0.20478085804306217,0
Dec-07-2021,0.10000318995866664,0.10002316995066668,0.0999865399653333,0.09999652996133332,0.20001164863181797,0
Dec-06-2021,0.10002652998733332,0.10004650998533332,0.09999655999033331,0.10000318995866664,33.82693811051052,0
Dec-05-2021,0.10001653998833332,0.10006648998333333,0.07178921096200001,0.10003318998666667,7.781928873052632,0
Dec-04-2021,0.099949939995,0.10028293996166666,0.07174318009599999,0.100009879989,17.343613561030335,0
Dec-03-2021,0.07575559339200001,0.09998323999166664,0.075748023384,0.09995326999466664,159.13674021963817,0
Dec-02-2021,0.09896263666666666,0.09898241666666666,0.07575054671999999,0.07575559339200001,32.61056611777528,0
Dec-01-2021,0.071764550018,0.09899230666666664,0.071757380016,0.09896593333333333,18.545320198754546,0
Nov-30-2021,0.07176693000933332,0.09999321998133331,0.07175499001533334,0.071764550018,29.358185651819507,0
Nov-29-2021,0.08406997998333332,0.09998655998266665,0.07175498000766665,0.07176693000933332,277.39637570960286,0
Nov-28-2021,0.07175979003333334,0.08408117998066666,0.07175020000699998,0.08407277998266668,90.89914874863159,0
Nov-27-2021,0.07175262002933333,0.07927392000000001,0.071750230028,0.07175501003066667,13.053922788060607,0
Nov-26-2021,0.07986117999999999,0.07988512,0.07174545002533333,0.071750230028,60.94543552839171,0
Nov-25-2021,0.07272912001599999,0.08006133333333333,0.07174545002533333,0.07986117999999999,104.50151554351231,0
Nov-24-2021,0.080024,0.08003466666666667,0.07171916001066667,0.07272427334666667,41.93243182789474,0
Nov-23-2021,0.08006666666666666,0.08006666666666666,0.08000559999999998,0.080024,81.21696249644117,0
Nov-22-2021,0.08207197998999999,0.08208017898900001,0.07175260001466667,0.080064,139.86163052057202,0
Nov-21-2021,0.07006076675333331,0.08507078329166666,0.07006076675333331,0.08206924699033333,77.42560630508439,0
Nov-20-2021,0.07005834334166666,0.08908580311099999,0.07005143340666667,0.07006076675333331,99.98608078444217,0
Nov-19-2021,0.07214326000000001,0.099983219975,0.07003734333866667,0.07005834334166666,466.33857908285825,0
Nov-18-2021,0.1060424,0.10604946666666668,0.070028090036,0.07214326000000001,4784.047327520548,0
Nov-17-2021,0.058017410003,0.2201176034773333,0.05801683000289999,0.1060424,724.6099548037602,0
Nov-16-2021,0.07289756000033334,0.07295344999266667,0.05801180333536665,0.058020503336866654,148.47746033686863,0
Nov-15-2021,0.07291359799813334,0.07291942999733333,0.0720048,0.07290193399973333,15.319106481800864,0
Nov-14-2021,0.07091415999599998,0.07291699999766667,0.060004850033,0.07291213999833333,5.106803996269565,0
Nov-13-2021,0.070914169998,0.07091889666399999,0.070904716666,0.07091415999599998,8.258841537153476,0
Nov-12-2021,0.07293400999533334,0.07293400999533334,0.0709056619992,0.070911806665,61.04862529428643,0
Nov-11-2021,0.0849144229983,0.08492319599726667,0.0728978030003,0.07293400999533334,56.90553342501248,0
Nov-10-2021,0.075997599,0.08493111999633332,0.057596359986666665,0.08491725299796664,373.59253241798984,0
Nov-09-2021,0.05761934004666667,0.07603283328999999,0.057617420042,0.075997599,1965.7599817392754,0
Nov-08-2021,0.0850622732893333,0.08506510662066666,0.05760052400093334,0.05761012402426667,247.16175089254546,0
Nov-07-2021,0.065052020016,0.08606452466666667,0.059141380007,0.08505943995799999,135.3946060103819,0
Nov-06-2021,0.058048543508333335,0.086086,0.058048543508333335,0.065052020016,58.285466741629634,0
Nov-05-2021,0.08705506998099999,0.08707826997299999,0.05773270667233333,0.058048543508333335,108.65009353568206,0
Nov-04-2021,0.09003882992633333,0.09005982988666666,0.05763085006933333,0.08705506998099999,159.38446946859108,0
Nov-03-2021,0.09005682989233332,0.09007182986399999,0.05753401414366666,0.090035829932,21.861233995773482,0
Nov-02-2021,0.09004784992,0.09007784987000002,0.05753005065,0.09006282988099999,9.458139199786007,0
Nov-01-2021,0.09005086992633332,0.09005986991333333,0.05752234379533333,0.09004184993,38.38017166310909,0
Oct-30-2021,0.07002852020799999,0.09005986991333333,0.05751918667333332,0.09004786993066666,63.12040832163036,0
Oct-29-2021,0.08001066666666666,0.09001789998,0.07001218675333333,0.07003318690933331,98.3216460721608,0
Oct-28-2021,0.090035959984,0.090035959984,0.08000053333333332,0.08001066666666666,55.13526562138947,0
Oct-27-2021,0.08076014571899999,0.09005695997466666,0.080727862107,0.09003295998533334,6.676891803738889,0
Oct-26-2021,0.09000025999986667,0.09007195996800002,0.080754765117,0.080765526321,50.137360240282895,0
Oct-25-2021,0.08070902,0.090008959996,0.08070632969933335,0.08999756000106668,51.70407233954922,0
Oct-24-2021,0.1096868260012,0.1096868260012,0.08069772073720001,0.08071171030066668,13.541474611569377,0
Oct-23-2021,0.0807146296286,0.10982075976,0.08070279231153332,0.1096868260012,32.61934593200401,0
Oct-22-2021,0.08068718798399999,0.08071705089799999,0.08067535196933334,0.08071193932926667,8.243832602217646,0
Oct-21-2021,0.1099,0.10991831666666668,0.08067364799673334,0.08068933998666666,107.92719740100432,0
Oct-20-2021,0.08001601000199998,0.1100363665666667,0.08001067666799999,0.1099,168.88475673571102,0
Oct-19-2021,0.11002190998199998,0.11002924330933334,0.08000534333399997,0.08001601000199998,31.068030105584004,0
Oct-18-2021,0.06999778666266668,0.11002924330933334,0.0699924799802,0.11001824331833332,166.762066883261,0
Oct-17-2021,0.07000339667273334,0.11999998,0.06999078665066667,0.06999778666266668,304.14961519522365,0
Oct-16-2021,0.07310342669966667,0.08100538999933331,0.06999802999609998,0.07000596334416667,30.92627686620809,0
Oct-15-2021,0.08097370202000001,0.08098450067333333,0.07308758815183333,0.07309855330033335,1.7077262774232351,0
Oct-14-2021,0.07311308348333333,0.08100614799,0.07310577339333331,0.08097370202000001,7.155997781875503,0
Oct-13-2021,0.08101078999866666,0.08101078999866666,0.07310577339333331,0.07311064678666666,157.03629619631602,0
Oct-12-2021,0.0810024199997,0.08101078999866666,0.07308791665,0.08101078999866666,57.96417562917453,0
Oct-11-2021,0.08101888999766665,0.08102698999666667,0.07310741001,0.08099648000043333,12.218227209687806,0
Oct-10-2021,0.07312203003,0.08103238999599999,0.073115938355,0.08101888999766665,12.933044495399168,0
Oct-09-2021,0.07202410003333333,0.07313665005,0.07201210001666666,0.07312446669999999,4.079800555100965,0
Oct-08-2021,0.08101618999799999,0.0810243,0.072012090015,0.07202410003333334,30.251685282625598,0
Oct-07-2021,0.08992680995199999,0.08993280327466666,0.072014480016,0.08101888999766665,93.93956299515315,0
Oct-06-2021,0.10002989997,0.10004323329,0.0810216,0.08992980661333333,71.68333878119792,0
Oct-05-2021,0.12005197999133334,0.12005597999066668,0.08113003592566667,0.10003323330000002,197.36645220329467,0
Oct-04-2021,0.136854689988,0.136859249987,0.08102800033333334,0.12004397999266668,603.0864742963744,0
Oct-03-2021,0.130065,0.14006533333333332,0.080032680272,0.136854689988,285.7593394638257,0
Oct-02-2021,0.1290602,0.14757865666133332,0.07002569667766667,0.13006066666666663,513.6438267892618,0
Oct-01-2021,0.07993170990000001,0.130064989995,0.062325030044,0.1290602,111.34267293794862,0
Sep-30-2021,0.07990531666599998,0.079939699875,0.06000291003033333,0.07993170990000001,26.783296931867415,0
Sep-29-2021,0.08600267666033333,0.08600267666033333,0.06000058,0.07990531666599998,12.312744751179896,0
Sep-28-2021,0.08961191666266667,0.08961485331999999,0.08599121001899998,0.08599694333966668,15.907844820735683,0
Sep-27-2021,0.08983887331599999,0.08984485998,0.08960594333133332,0.08961191666266667,3.4018962910197046,0
Sep-26-2021,0.09494581332799996,0.094945813328,0.06003012005999999,0.089835879984,432.9262604945664,0
Sep-25-2021,0.09806191657166666,0.09808151654166666,0.057029070285,0.09494581332799996,141.20525429879518,0
Sep-24-2021,0.09808162663333332,0.09808162663333332,0.07954783007800001,0.09806191657166666,237.36737711289214,0
Sep-23-2021,0.120059989995,0.120071989994,0.079547770042,0.098078359968,245.7616646506555,0
Sep-22-2021,0.14006059663633333,0.14006059663633333,0.08303045334066665,0.120059989995,176.1525802612379,0
Sep-21-2021,0.07902284400699999,0.14806619982,0.07902284400699999,0.14006059663633333,114.78440097355066,0
Sep-20-2021,0.10998870003,0.10999236668666668,0.079009673972,0.07902284400699999,72.695012125801,0
Sep-19-2021,0.11001459665733332,0.11002926331466666,0.085503000005,0.10998503337333336,34.97894644851196,0
Sep-18-2021,0.12001591998933332,0.12003179994666668,0.085533243165,0.11001826332166666,11.302373314375608,0
Sep-17-2021,0.120011939994,0.12003191997866666,0.085521691372,0.12001591998933332,104.80387976699517,0
Sep-16-2021,0.14804409991,0.148058809844,0.08552159135866666,0.120011939994,617.3628992380812,0
Sep-15-2021,0.27586946552791736,0.2759154284511975,0.06781252664333333,0.14804409991,2457.7723457768266,0
Sep-14-2021,0.08973801333,0.35706531342036907,0.07646884856899999,0.21578732157137367,1465.6298231069502,0
Sep-13-2021,0.100009987998,0.100019986997,0.06773683157366667,0.08973801333,100.56185916491518,0
Sep-12-2021,0.08400785000093333,0.10001665399733334,0.0840025300003,0.10000665499833332,208.2079484281462,0
Sep-11-2021,0.10086880866666666,0.10087553213333332,0.08400225000026666,0.08400785000093333,459.1936459464759,0
Sep-10-2021,0.10100672333266664,0.10102689332266666,0.08500566666666666,0.10087217040000002,1459.9447994820398,0
Sep-09-2021,0.19002533333333327,0.19003166666666663,0.08400840000000001,0.10100672333266664,2153.478301162023,0
Sep-08-2021,0.13003030332633334,0.2000333333333333,0.01,0.19002533333333327,592.8121690399837,0
Sep-07-2021,0.09745844,0.09745844,0.09745844,0.09745844,0,0
Sep-06-2021,0.09745844,0.09745844,0.09745844,0.09745844,0,0
Sep-05-2021,0.09745844,0.09745844,0.09745844,0.09745844,0,0
Sep-04-2021,0.09745844,0.09745844,0.09745844,0.09745844,0,0
Sep-03-2021,0.09745844,0.09745844,0.09745844,0.09745844,0,0
Sep-02-2021,0.09745844,0.09745844,0.09745844,0.09745844,0,0
Sep-01-2021,0.09745844,0.09745844,0.09745844,0.09745844,0,0
Aug-31-2021,0.09745844,0.09745844,0.09745844,0.09745844,0,0
Aug-30-2021,0.09745844,0.09745844,0.09745844,0.09745844,0,0
Aug-29-2021,0.09745844,0.09745844,0.09745844,0.09745844,0,0
Aug-28-2021,0.09745844,0.09745844,0.09745844,0.09745844,24023,0
Aug-27-2021,0.09004499999999999,0.10915091333333336,0.086043,0.09745844,10767.456281048313,0
Aug-26-2021,0.4401173333333333,0.4402053333333333,0.08974185999999999,0.09004799999999999,5085.599902908237,0
Aug-25-2021,0.44005866666666665,0.44014666666666674,0.44001466666666667,0.4401026666666666,6713.559409910942,0
Aug-24-2021,0.4401173333333333,0.4401173333333333,0.43999706666666666,0.4400733333333333,6713.252785326087,0
Aug-23-2021,0.4401466666666666,0.4402053333333333,0.4399750666666667,0.4401173333333333,6713.987447102866,0
Aug-22-2021,0.4403226666666666,0.4403373333333333,0.4400880000000001,0.4401173333333333,6715.852381779605,0
Aug-21-2021,0.5943761999999999,0.5944157999999999,0.1285771,0.4403226666666666,6791.105016331204,0
Aug-20-2021,0.5941980000000001,0.5945147999999999,0.5941980000000001,0.5943761999999999,9151.818049447982,0
Aug-19-2021,0.5940198,0.5942177999999999,0.59395842,0.5941980000000001,9188.276163487339,0
Aug-18-2021,0.6481512,0.6481728,0.5939802000000001,0.5940198,10737.917381800518,0
Aug-17-2021,0.6499216633333333,0.65009497,0.6480648,0.6481728,16317.145855125524,0
Aug-16-2021,0.5609295930267574,0.6500935856181878,0.5609109009812703,0.6499216633333333,25747.14430886448,0
Aug-15-2021,0.1797039037414997,0.5609482850722448,0.14006533333333335,0.5609482850722448,21645.722042272577,0
Aug-14-2021,0.19649170600013788,0.20155995057095416,0.17850674446846107,0.1797039037414997,28097.441299116563,0
Aug-13-2021,0.19204556816279617,0.19913798326649704,0.18794422996267288,0.19649170600013788,28124.276176452637,0
Aug-12-2021,0.19187778877359613,0.1927635003866256,0.18844220789493263,0.1915175005744488,28043.962987401464,0
Aug-11-2021,0.1981861778753237,0.20134258088830387,0.1893197375630531,0.19134631542957128,28215.769317883405,0
Aug-10-2021,0.19893291446541625,0.20557767304798943,0.19720495099794996,0.19720495099794996,28847.302832439855,0
Aug-09-2021,0.1836235027626292,0.3040383895127985,0.1818303737514869,0.1984622125457392,31941.42495888158,0
Aug-08-2021,0.1875280279630601,0.2286639717438129,0.1815374903814939,0.1836235027626292,29835.174985228467,0
Aug-07-2021,0.28808762201548727,0.30814783999999995,0.18344671041782132,0.1881006651654137,14887.920095264664,0
Aug-06-2021,0.11819486677243128,0.28811737480490407,0.09905408727839986,0.28808762201548727,521.530205679411,0
Aug-05-2021,0.2832372024378615,0.28325607736805186,0.11819092825637756,0.11819092825637756,7497.260091838435,0
Aug-04-2021,0.2841355513160944,0.2841673214380881,0.08999999990000002,0.2832372024378615,14711.103255208338,0
Aug-03-2021,0.2980909880753735,0.2981108601455096,0.28208294069476336,0.2841355513160944,18311.25687172775,0
Aug-02-2021,0.6801164344951753,0.6801844280070217,0.2980909880753735,0.2981009241104415,15631.874170140834,0
Aug-01-2021,0.8611802013446914,0.8613009742352706,0.6800257764793802,0.6801164344951753,2459.663275230866,0
Jul-31-2021,0.7438695963718506,0.8612375904024916,0.7221086857935068,0.8611802013446914,6176.263015879752,0
Jul-30-2021,0.21501849488878247,0.8542200393518882,0.2150041670088005,0.7438448098070454,9694.102364840075,0
Jul-29-2021,0.1144031866778907,0.2151293565027826,0.11410679857011806,0.21501849488878247,7906.063463934543,0
Jul-28-2021,0.1145759197758502,0.1146468606157448,0.10951628592124468,0.1143955618320711,11744.160253395003,0
Jul-27-2021,0.10003765907293603,0.11459501067157396,0.10003432570653462,0.11456828341756066,8463.334868797885,0
Jul-26-2021,0.2453841904326394,0.2692002867312473,0.10002802503995384,0.10003432570653464,5293.140955411475,0
Jul-25-2021,0.2593046264750991,0.2601559799384674,0.2453433053330972,0.24540054447245635,19272.057596409573,0
Jul-24-2021,0.2601386494931462,0.262824095352532,0.2592441704270933,0.2593046264750991,18174.166589095745,0
Jul-23-2021,0.25589539439216,0.2602166364970914,0.25138062284044954,0.2601386494931462,18424.145899428935,0
Jul-22-2021,0.2447252938262592,0.2559124484004499,0.24412742247862795,0.25588686738801486,20438.336070884146,0
Jul-21-2021,0.24412742247862795,0.2479250529876825,0.2423552751074901,0.2447171379476408,21547.33882435581,0
Jul-20-2021,0.23599180739896708,0.24415996520832156,0.23068566572603244,0.24412742247862795,23859.05667051977,0
Jul-19-2021,0.2695539,0.26962576666666666,0.23595248853735443,0.23599180739896708,19958.782498873195,0
Jul-18-2021,0.2698459382981701,0.26985492866759536,0.2695,0.26956288333333334,16477.869874151584,0
Jul-17-2021,0.2702206051534951,0.2702566201615124,0.26948113500000004,0.2698459382981701,16723.340383638213,0
Jul-16-2021,0.27117423693029774,0.27122845009241897,0.2701458740118593,0.2702206051534951,17554.44439668062,0
Jul-15-2021,0.27109291718711587,0.27118327245731794,0.26951796666666666,0.27117423693029774,17454.827937363538,0
Jul-14-2021,0.2764034115015121,0.2764034115015121,0.27102966849797444,0.2711019527141361,19214.9020521069,0
Jul-13-2021,0.2626470892839398,0.2764126227992595,0.26262082632587536,0.2764034115015121,21704.273918030754,0
Jul-12-2021,0.28287915604194835,0.2829102767948109,0.2527872911284369,0.2626295806452302,23617.22389662322,0
Jul-11-2021,0.2735085840578243,0.2829206503790984,0.2734876152760678,0.28287915604194835,27543.91441385582,0
Jul-10-2021,0.27074538379025254,0.27352408272260087,0.26364476685391364,0.2734976438238643,18820.99399701287,0
Jul-09-2021,0.27564520567313944,0.27760634289601094,0.24314844258361407,0.27074538379025254,19185.268671231996,0
Jul-08-2021,0.2964202239046865,0.3206357657763368,0.2739756493932898,0.27564520567313944,19459.29558899177,0
Jul-07-2021,0.3001076460626557,0.3466522585857426,0.2883770044339456,0.2977311350973529,16123.197608632492,0
Jul-06-2021,0.29698687674160024,0.34280661952043245,0.22559800230230875,0.3001076460626557,10305.404655387816,0
Jul-05-2021,0.3250249166666667,0.3883781992917952,0.10698470267124452,0.29698687674160024,7788.02197507349,0
Jul-04-2021,0.3264944835034237,0.3891278953647478,0.3259978857142978,0.3280745982907318,5230.054124620218,0
Jul-03-2021,0.3562945667445791,0.3939267282590734,0.32627385725825764,0.3264944835034237,6535.779345703135,0
Jul-02-2021,0.3500933333333333,0.4121596344301752,0.17322905934568036,0.3562945667445791,5865.4293675916015,0
Jul-01-2021,0.17728581812530023,0.4216979164293557,0.17726809426984913,0.35005833333333325,11435.621608568279,0
Jun-30-2021,0.12598640201456074,0.26495725055166963,0.12573303910312328,0.17728581812530023,24946.73294140625,0
Jun-29-2021,0.12300430790767863,0.16625027896208383,0.12101400208142066,0.12565342091084822,21163.56222813644,0
Jun-28-2021,0.17475011254133965,0.17585235361905183,0.11735288471550354,0.121475061075441,26662.14916138549,0
Jun-27-2021,0.1710624733354343,0.17633226784438763,0.12760411333869948,0.17393527045023352,27956.289662930652,0
Jun-26-2021,0.1413460448383847,0.19558110393608943,0.12469782555439415,0.1281459311861907,28594.02298570952,0
Jun-25-2021,0.1886881257972333,0.1959401279499083,0.12126860463917408,0.1402724797575384,28218.89343488615,0
Jun-24-2021,0.12214587458791118,0.1901579051260596,0.12171420074163151,0.1886881257972333,30212.85809391801,0
Jun-23-2021,0.18962644496339087,0.18962644496339087,0.10743479355553344,0.12214587458791118,25129.443704272075,0
Jun-22-2021,0.18007893579933232,0.19139675291667832,0.10656227353876532,0.187073445255813,11492.691487919825,0
Jun-21-2021,0.18820790600640935,0.19169142482871543,0.17985377136323846,0.18346502530337963,8713.996716789863,0
Jun-20-2021,0.1882628428805024,0.20045355026053652,0.1805710403493989,0.18818716467080743,9805.918994669448,0
Jun-19-2021,0.27399956438236495,0.2777934967782485,0.1881435972106494,0.1883225049396696,13911.996391858558,0
Jun-18-2021,0.20779658152778752,0.27786432821143203,0.1823852161704277,0.27313309882250675,16576.444135180747,0
Jun-17-2021,0.2873982564061168,0.29076865369711813,0.1860437526752061,0.20822885980128392,17163.17106176502,0
Jun-16-2021,0.190395700198339,0.2979906801051482,0.18489590705784664,0.28631991446398575,17167.417458351476,0
Jun-15-2021,0.2953238519045153,0.3005290603765084,0.1815874240587628,0.2432354087543988,15374.659279406911,0
Jun-14-2021,0.30486688439812515,0.31925550730041174,0.19157936434545783,0.2987612567904473,8688.857674068868,0
Jun-13-2021,0.3279895802832614,0.32994128637267334,0.1919112129446388,0.21447923647813408,1908.985531761535,0
Jun-12-2021,0.2800394676172055,0.41408188717462624,0.2045647289216381,0.3279895802832614,2946.1792146986813,0
Jun-11-2021,0.4670713893967676,0.5039783789962753,0.2577048069108779,0.2772999171103316,4938.69545348262,0
Jun-10-2021,0.4429600084549601,0.9452761896819938,0.3147255463437231,0.5180264925459162,38630.47491039427,0
Jun-09-2021,0.3014512461471539,0.4995670983765196,0.2867083159595781,0.31875670471413786,69570.40234375,0
Jun-08-2021,0.3143152978289977,0.3436953473740233,0.26668944487853136,0.29129745109027244,69124.74320475261,0
Jun-07-2021,0.3303502448783143,0.3503648896342935,0.2987038132692417,0.3314679931761191,71057.23325109649,0
Jun-06-2021,0.2992630713607147,0.35203994328404964,0.27607138115150665,0.3449940563500231,71533.32459852431,0
Jun-05-2021,0.30591746280637144,0.32635119623634234,0.2760691452447473,0.2975967040812012,68815.48000578703,0
Jun-04-2021,0.3021592250671097,0.3263680098644368,0.2958432162915667,0.32033342861871783,70614.21978081597,0
Jun-03-2021,0.3416001462692345,0.3696437383119593,0.2957412482843125,0.3117997086850142,78764.92255553136,0
Jun-02-2021,0.3614219744607897,0.37751898491772073,0.33228964319324616,0.33636479798844965,75141.84945285278,0
Jun-01-2021,0.39012575245148445,0.3970813438987297,0.2702607279570205,0.3502721831100729,27301.826585557727,0
May-31-2021,0.2708171487191076,0.3932414796084618,0.264575525578556,0.3916603507583308,15650.529210909992,0
May-30-2021,0.4077269899763558,0.4204520012481915,0.25776954716705097,0.26460547698501163,16947.549507621286,0
May-29-2021,0.4038115600739231,0.4266903950862729,0.3939775445242004,0.4063397564687021,27875.276637883773,0
May-28-2021,0.42266898329932,0.4290837797367089,0.3889789107093842,0.4010254930431342,33553.98476155599,0
May-27-2021,0.3957692039633852,0.4304181057137239,0.3766657191401705,0.4238113125984717,128105.99336622807,0
May-26-2021,0.4107823054358836,0.4219600911634863,0.3774213523080948,0.4069976166410192,55215.50735153518,0
May-25-2021,0.4105322214295805,0.4220315590700711,0.3707219749956023,0.4107823054358836,6922.216955651783,0
May-24-2021,0.3725653734662847,0.42657951846139214,0.3055555554359912,0.3887805477414218,2954.504165213446,0
May-23-2021,0.7507515827058155,0.7512013589910113,0.24544412870321983,0.4036738349735156,56822.80014130563,0
May-22-2021,0.6032806903804954,1.3,0.3299952606678702,0.7507515827058155,66478.21242843512,0
May-21-2021,0.6368242536268721,0.6368907768206611,0.30027,0.6032806903804954,20985.235067796337,0
May-20-2021,0.6504054315964994,0.6658375476952448,0.6285700353225774,0.6368454337996073,131099.21037309885,0
May-19-2021,0.604239355,0.821955401,0.171957523,0.6356503272729387,160689.81775019708,0
May-18-2021,0.519970071,0.627697675,0.447816144,0.610103724,92232.84274361812,0
May-17-2021,0.480200303,0.554958841,0.455648698,0.520004712,108008.8155044358,0
May-16-2021,0.580908385,0.686681902,0.40666565,0.480168295,36163.755514974175,0
May-15-2021,0.622554137,0.622846684,0.577783411,0.580889048,206.74329121223997,0
May-14-2021,0.754510499,0.754510499,0.541767417,0.622574872,374.3078214360871,0
May-13-2021,0.669207716,0.755073204,0.535272745,0.754535622,551.5474988335144,0
May-12-2021,0.391587254,0.671128229,0.391587254,0.670166442,428.13739223605415,0
May-11-2021,0.800797998,0.8719581,0.391587254,0.391587254,3734.1535971105204,0
May-10-2021,0.304811365,0.800771331,0.304740294,0.800771331,2769.8452706884427,0
May-09-2021,0.304862129,0.305065188,0.304647917,0.304811365,17.454750204101188,0
May-08-2021,0.295870259,0.30668176,0.163710457,0.304862129,85.88773877483337,0
May-07-2021,0.144520333,0.295870259,0.144520333,0.295870259,574.5978310376631,0
May-06-2021,0.235032333,0.235032333,0.144496267,0.144525147,889.3797703407625,0
May-05-2021,0.235032333,0.235032333,0.235032333,0.235032333,0,0
May-04-2021,0.235032333,0.235032333,0.235032333,0.235032333,4,0
May-03-2021,0.235048784,0.235149834,0.235016667,0.235032333,4,0
May-02-2021,0.32247637,0.32247637,0.234987683,0.235048784,2.5575922459698495,0
May-01-2021,0.322432324,0.322487113,0.322337788,0.32247637,501.11403560551423,0
Apr-30-2021,0.321834985,0.324349371,0.320958514,0.322432324,5093.671827124934,0
Apr-29-2021,0.336968821,0.372967548,0.30713577,0.321834985,10410.139359125735,0
Apr-28-2021,0.353614095,0.368414883,0.24816478,0.338443323,11015.126321929556,0
Apr-27-2021,0.367848692,0.370864981,0.262397132,0.353713424,11679.177207038836,0
Apr-26-2021,0.242532171,0.368068657,0.239209708,0.368068657,9257.881246159399,0
Apr-25-2021,0.283155673,0.286178935,0.240578622,0.242373381,27669.969156180097,0
Apr-24-2021,0.282016961,0.288237095,0.279380953,0.282736865,46464.39891352064,0
Apr-23-2021,0.293796876,0.297846185,0.227084207,0.282897678,41472.62681148977,0
Apr-22-2021,0.258371809,0.303470559,0.236310482,0.293796876,47490.033102416135,0
Apr-21-2021,0.315595593,0.315952875,0.258982413,0.258982413,47952.47633865445,0
Apr-20-2021,0.320292844,0.321525831,0.23915652,0.315384533,38677.21691081002,0
Apr-19-2021,0.339674282,0.389715394,0.291506106,0.319368978,53844.952453303005,0
Apr-18-2021,0.320601956,0.384839125,0.259028593,0.340149632,49748.46670646386,0
Apr-17-2021,0.215657424,0.334081223,0.196148009,0.321300911,42149.4228913163,0
Apr-16-2021,0.18933467,0.235018593,0.167544632,0.216127021,33244.64810487154,0
Apr-15-2021,0.163572494,0.225035931,0.159278418,0.18933467,28811.533091685647,0
Apr-14-2021,0.137377782,0.227792829,0.129289594,0.16369669,29136.85549907284,0
Apr-13-2021,0.263539686,0.285633466,0.136881223,0.137183818,34721.310639463394,0
Apr-12-2021,0.369910338,0.399972016,0.198215495,0.262793205,38998.05570845858,0
Apr-11-2021,0.321697383,0.379035255,0.310646555,0.370991158,43444.71365483385,0
Apr-10-2021,0.33389801,0.408023192,0.262961599,0.321480382,48287.99133638504,0
Apr-09-2021,0.406482524,0.408952808,0.295092447,0.33360898,52018.50261143313,0
Apr-08-2021,0.363244736,0.445150613,0.326687067,0.406482524,58208.713217750614,0
Apr-07-2021,0.654373583,0.654373583,0.342810718,0.362958787,58117.65937324911,0
Apr-06-2021,0.661834349,0.667275235,0.638114887,0.655076827,84989.06131639532,0
Apr-05-2021,0.686045335,0.686045335,0.502811625,0.663275109,91474.64777160322,0
Apr-04-2021,0.624312224,0.746509955,0.501046261,0.686495312,88702.1382822539,0
Apr-03-2021,0.57720019,0.851899529,0.323696334,0.624312224,77910.44511592777,0
Apr-02-2021,0.404057,0.619805288,0.249973499,0.578390691,53599.093096464225,0
Apr-01-2021,0.478208663,0.480579467,0.297010599,0.403554803,39409.70122815079,0
Mar-31-2021,0.403888675,0.489867601,0.394348269,0.478208663,44427.23208431583,0
Mar-30-2021,0.414470927,0.421278239,0.130326375,0.403888675,40875.87085320893,0
Mar-29-2021,0.402207697,0.490241999,0.399848235,0.414470927,45148.32960681151,0
Mar-28-2021,0.425020521,0.425358824,0.398843347,0.402606355,44214.67707330821,0
Mar-28-2021,0.345092224,0.530358058,0.345092224,0.425020521,46647.578374797224,0
Mar-27-2021,0.34597631,0.349145249,0.331701382,0.344824581,39277.81254993517,0
Mar-26-2021,0.358228613,0.358228613,0.203931324,0.346746619,40368.79190769059,0
Mar-25-2021,0.299665955,0.550216232,0.298137187,0.358240551,52376.31609343703,0
Mar-24-2021,0.359021247,0.359345268,0.261376349,0.299230611,41892.52997123886,0
Mar-23-2021,0.284809935,0.366825451,0.2823563,0.359597199,43600.82138969507,0
Mar-22-2021,0.283887652,0.286875464,0.282797176,0.283991328,42708.581990376224,0
Mar-21-2021,0.28635181,0.287886074,0.283150013,0.283506522,41738.916898388066,0
Mar-20-2021,0.285192806,0.287913754,0.276987723,0.286474124,40131.514282333,0
Mar-19-2021,0.313045799,0.314897949,0.279644474,0.285066489,44585.66387040426,0
Mar-18-2021,0.245465876,0.316348402,0.197354307,0.312084754,45413.73143802638,0
Mar-17-2021,0.211049353,0.249926629,0.21000357,0.245465876,36890.70184904848,0
Mar-16-2021,0.196543983,0.213858366,0.194942843,0.210521744,34209.76734015862,0
Mar-15-2021,0.145318376,0.19337873,0.139431574,0.193028195,28003.565960447693,0
Mar-14-2021,0.12144242,0.145428393,0.115320045,0.145318376,20981.176332176517,0
Mar-13-2021,0.126524075,0.126808197,0.121182697,0.12144242,21699.66574373042,0
Mar-12-2021,0.132481836,0.132481836,0.126213847,0.126524075,22203.545544253437,0
Mar-11-2021,0.134848394,0.135557608,0.112737615,0.133186915,22549.11499065758,0
Mar-10-2021,0.147904476,0.148015316,0.134672563,0.135119364,24118.289363047035,0
Mar-09-2021,0.102624349,0.164243962,0.10042817,0.149835829,18542.86146554132,0
Mar-08-2021,0.106386123,0.108039155,0.094818535,0.102624349,17806.322947088564,0
Mar-07-2021,0.106447788,0.10688865,0.103380217,0.106614351,17485.12182930818,0
Mar-06-2021,0.102562426,0.107028876,0.097803465,0.106447788,17126.684999143272,0
Mar-05-2021,0.09676205,0.102906845,0.094177088,0.102582569,16859.193212352995,0
Mar-04-2021,0.105253704,0.110567938,0.092136812,0.096960486,17641.19777348898,0
Mar-03-2021,0.096723946,0.108875039,0.096171406,0.105346155,18652.894152500936,0
Mar-02-2021,0.100435254,0.100435254,0.094966937,0.096774359,16625.444501508162,0
Mar-01-2021,0.09607268,0.101354917,0.095813411,0.100514078,16466.939120024912,0
Feb-28-2021,0.088579909,0.096853008,0.088579909,0.096075309,15034.243334671082,0
Feb-27-2021,0.09257792,0.092856369,0.084468743,0.088556195,13589.308628958584,0
Feb-26-2021,0.094240277,0.097571479,0.091535554,0.092705014,15766.670008269382,0
Feb-25-2021,0.094635314,0.097935384,0.093999916,0.094846576,16020.349623998292,0
Feb-24-2021,0.094482468,0.095804907,0.091936394,0.094620529,15692.022869640798,0
Feb-23-2021,0.091805461,0.098787542,0.088296369,0.094076657,15238.752406719588,0
Feb-22-2021,0.091824713,0.092742784,0.085251133,0.092047898,15108.63960809812,0
Feb-21-2021,0.087398801,0.104628888,0.085240607,0.091507299,15199.331666681092,0
Feb-20-2021,0.070956811,0.087343066,0.069761807,0.087343066,12625.285869935416,0
Feb-19-2021,0.072318678,0.075424591,0.070601138,0.071061521,12416.477624518622,0
Feb-18-2021,0.070706851,0.10375424,0.067736458,0.072333824,15095.943908563077,0
Feb-17-2021,0.064818623,0.203855919,0.061503307,0.135914988,12706.53373870773,0
Feb-16-2021,0.05674489,0.067586323,0.056130651,0.064893131,10788.682896398092,0
Feb-15-2021,0.056509951,0.057082172,0.054216944,0.05684793,9681.433845602009,0
Feb-14-2021,0.052451001,0.057820044,0.052386861,0.056504757,9447.373498453906,0
Feb-13-2021,0.056312384,0.058016184,0.050307406,0.052445735,8698.053330254514,0
Feb-12-2021,0.060877196,0.06179815,0.049949649,0.056377444,9473.093665234543,0
Feb-11-2021,0.05046317,0.062126801,0.050230989,0.060933072,10043.430239459625,0
Feb-10-2021,0.06365638,0.066163304,0.048771806,0.050361546,10145.292169179515,0
Feb-09-2021,0.070372378,0.072968804,0.063472784,0.063671007,12183.268179342693,0
Feb-08-2021,0.069806604,0.071651805,0.068515097,0.070172243,12160.024964166574,0
Feb-07-2021,0.062249794,0.070621628,0.059952859,0.069601275,9818.397805920878,0
Feb-06-2021,0.058497006,0.066594051,0.058361223,0.062187031,7520.900863862826,0
Feb-05-2021,0.053530348,0.058311596,0.051114176,0.058311596,5072.6773504214225,0
Feb-04-2021,0.066294234,0.066895431,0.050692761,0.053330784,6197.662202579255,0
Feb-03-2021,0.074666896,0.076321352,0.051740603,0.066123789,7832.124492909833,0
Feb-02-2021,0.06086395,0.080826857,0.06086395,0.074656555,7563.335572896892,0
Feb-01-2021,0.071960277,0.07232765,0.055586769,0.060919278,6391.374359315911,0
Jan-31-2021,0.072522711,0.075048602,0.06084419,0.071885653,7733.593481183898,0
Jan-30-2021,0.06269029,0.091711435,0.062656611,0.072407015,8051.272044393729,0
Jan-29-2021,0.108029192,0.109733329,0.035624497,0.062724878,8668.780419569659,0
Jan-28-2021,0.119481059,0.12355758,0.09076728,0.108120129,14427.385359771817,0
Jan-27-2021,0.124554825,0.135211845,0.11856299,0.119091315,14487.090342065754,0
Jan-26-2021,0.131810489,0.133885633,0.124110243,0.124712888,15088.214538083983,0
Jan-25-2021,0.127870421,0.132842627,0.127105532,0.131995224,16071.940804632783,0
Jan-24-2021,0.127695036,0.130125776,0.126443459,0.128153361,15678.027803514426,0
Jan-23-2021,0.12473415,0.130211121,0.124105494,0.127923118,17656.740229589726,0
Jan-22-2021,0.109792054,0.124864276,0.10635053,0.12438541,31861.071011572778,0
Jan-21-2021,0.111554604,0.114846191,0.105609117,0.109843587,34508.55456032694,0
Jan-20-2021,0.110706281,0.113720171,0.110275481,0.111976908,37078.35548471944,0
Jan-19-2021,0.113379394,0.115548216,0.110543513,0.111501509,42345.09702483001,0
Jan-18-2021,0.120174184,0.120303154,0.111386371,0.113027062,43479.86517841797,0
Jan-17-2021,0.118948853,0.12057061,0.118205485,0.120037228,43009.820205212636,0
Jan-16-2021,0.113964217,0.121160218,0.102385255,0.119015761,38383.07358491246,0
Jan-15-2021,0.123478002,0.1393131,0.105679368,0.114435283,20229.37510728548,0
Jan-14-2021,0.115749624,0.183749335,0.109997712,0.123344588,11365.291493755096,0
Jan-13-2021,0.127529287,0.131089849,0.114513107,0.115691078,7039.757495064422,0
Jan-12-2021,0.139011289,0.15133013,0.114071804,0.127246843,6601.467936670853,0
Jan-11-2021,0.149532251,0.151890178,0.12256987,0.139042017,8555.812271225624,0
Jan-10-2021,0.18884729,0.198064376,0.131532356,0.149828211,9474.741251440799,0
Jan-09-2021,0.22089604,0.226311351,0.15544879,0.189118001,10273.77761568407,0
Jan-08-2021,0.250781075,0.257828966,0.220387347,0.220977856,73991.2965570654,0
Jan-07-2021,0.253919486,0.258250034,0.222855286,0.248075334,91155.1327691708,0
Jan-06-2021,0.253192681,0.277997952,0.236194864,0.253727302,108031.1673890844,0
Jan-05-2021,0.233984326,0.278122577,0.215763113,0.254137638,157677.50349968896,0
Jan-04-2021,0.245640326,0.245937659,0.21509648,0.234759223,176114.38832753443,0
Jan-03-2021,0.199102316,0.263712979,0.199102316,0.246699609,165562.16067005746,0
Jan-02-2021,0.183848849,0.24040275,0.177815642,0.199280579,148723.16093342917,0
Jan-01-2021,0.212165666,0.247575711,0.177892814,0.180501169,148149.566059428,0
Dec-31-2020,0.264716038,0.267112959,0.194193186,0.214759799,169045.25173505573,0
Dec-30-2020,0.246318922,0.290369566,0.225046783,0.26836356,189260.17315612294,0
Dec-29-2020,0.185845935,0.251191159,0.185382121,0.247072212,154459.2385433718,0
Dec-28-2020,0.224097195,0.307143538,0.172799379,0.185819931,154815.9700574637,0
Dec-27-2020,0.182871542,0.225308661,0.175086999,0.225308661,140524.44593643106,0
Dec-26-2020,0.173569393,0.18641521,0.170659455,0.183322735,133297.15072305602,0
Dec-25-2020,0.169912888,0.18187554,0.167869276,0.172971013,130351.02015113336,0
Dec-24-2020,0.173601311,0.182795941,0.167903195,0.16916404,131028.83066023357,0
Dec-23-2020,0.169640522,0.179238353,0.166271157,0.174783284,129940.34329150921,0
Dec-22-2020,0.180822013,0.182397954,0.158645035,0.16974537,128399.65286196933,0
Dec-21-2020,0.192090234,0.203692751,0.173030017,0.18236577,142826.11995641384,0
Dec-20-2020,0.206635523,0.212683206,0.190826226,0.191440639,150433.01973295707,0
Dec-19-2020,0.200806224,0.225343172,0.193085676,0.207131002,154085.1553955015,0
Dec-18-2020,0.175739861,0.250207754,0.175016996,0.200391574,144432.19368761784,0
Dec-17-2020,0.17450474,0.198211771,0.174285836,0.175358997,137494.72718776163,0
Dec-16-2020,0.207886887,0.208584882,0.168838895,0.172672047,137046.10255494,0
Dec-15-2020,0.276137462,0.278131889,0.188193915,0.207980823,160469.43138890603,0
Dec-14-2020,0.278806003,0.28409236,0.275344407,0.276802534,204209.43523504733,0
Dec-13-2020,0.266492265,0.303572252,0.264057428,0.280222566,212329.8254543538,0
Dec-12-2020,0.282842631,0.299151318,0.25020013,0.270530126,202215.17068291645,0
Dec-11-2020,0.250024423,0.30957211,0.243015281,0.282246147,210178.13337271073,0
Dec-10-2020,0.310659539,0.324921324,0.217623689,0.245182333,207472.83670885378,0
Dec-09-2020,0.385947579,0.407845041,0.193981923,0.311519045,250960.6194301975,0
Dec-08-2020,0.398381615,0.513493038,0.36690178,0.387293086,317949.8477297599,0
Dec-07-2020,0.423705981,0.724772906,0.21516687,0.401317394,285304.51128243085,0
Dec-06-2020,0.500201509,0.508413134,0.39685944,0.421511528,324626.5019307987,0
Dec-05-2020,0.507863558,0.507863558,0.470412876,0.495759055,324481.48200700525,0
Dec-04-2020,0.500066865,0.7277074,0.46927637,0.499607142,376292.5629739047,0
Dec-03-2020,0.506462848,0.513560767,0.454677558,0.502238987,330248.9508794176,0
Dec-02-2020,0.498728782,0.513482744,0.489742722,0.507960167,312419.44977562886,0
Dec-01-2020,0.415043537,0.516823309,0.414598972,0.498433949,321156.9454205224,0
Nov-30-2020,0.378791917,0.416501308,0.368749425,0.414589183,292152.8518452347,0
Nov-29-2020,0.349735127,0.377503615,0.304100439,0.376294672,240452.83731176017,0
Nov-28-2020,0.536528933,0.540428613,0.204162026,0.35704496,312968.52261943865,0
Nov-27-2020,0.516708403,0.56222691,0.508908848,0.537036398,353715.7086662801,0
Nov-26-2020,0.429873706,0.53866966,0.420394501,0.513975133,310177.22206255933,0
Nov-25-2020,0.550484967,0.550484967,0.43377033,0.434188641,269959.143573368,0
Nov-24-2020,0.733923226,0.747777372,0.408336678,0.550495244,260033.8907582825,0
Nov-23-2020,0.886164708,0.921919267,0.683047832,0.739703366,355747.69700814696,0
Nov-22-2020,1.018568236,1.083813145,0.861599343,0.896602686,386782.4934140612,0
Nov-21-2020,0.801279453,1.023762663,0.798955471,1.023762663,347573.54137398314,0
Nov-20-2020,0.851117273,0.852313715,0.743050355,0.807676671,316949.13994261343,0
Nov-19-2020,0.797912394,0.851720677,0.767149092,0.85113225,331630.40394983086,0
Nov-18-2020,0.998044205,1.003275673,0.733286586,0.797902374,323801.45356721675,0
Nov-17-2020,1.034009667,1.083478467,0.502588043,1.004213803,355881.7424659113,0
Nov-16-2020,1.058943796,1.091577921,1.003720012,1.034048916,375212.219798513,0
Nov-15-2020,1.227082403,1.250488826,1.063516233,1.063516233,386768.95202507183,0
Nov-14-2020,1.233831384,1.370527541,1.023439211,1.218181433,438028.4368963384,0
Nov-13-2020,0.983171324,1.393044903,0.947431795,1.23039228,389593.5221608819,0
Nov-12-2020,1.005360611,1.021256046,0.350353003,0.986859983,317396.3681865557,0
Nov-11-2020,1.077772985,1.088269345,1.000835041,1.002353915,380084.58231397835,0
Nov-10-2020,1.092406021,1.109691604,1.025902015,1.073100151,335271.8791839637,0
Nov-09-2020,1.073129144,1.199165766,1.065236449,1.10773553,316484.6235083046,0
Nov-08-2020,1.208831878,1.274505161,1.007835613,1.073850447,224835.61372498824,0
Nov-07-2020,1.822329206,1.822329206,1.07238888,1.218303736,100277.50311781053,0
Nov-06-2020,3.237104829,3.60170075,1.222314004,1.84612,131651.42004278806,0
Nov-05-2020,17.752870719,17.752870719,1.512734254,3.303309382,325683.43565370707,0
Nov-04-2020,71.455520765,72.416368348,15.775288696,17.768948025,1220884.3263224203,0
Nov-03-2020,76.852016643,80.597464382,67.522516267,70.896998962,2299976.8589165434,0
Nov-02-2020,78.244716952,80.165098375,72.918118284,76.979045415,2120464.358251786,0
Nov-01-2020,79.817161594,80.175671073,76.883549701,78.920381941,2002671.8681709804,0
Oct-31-2020,77.123301311,80.191723285,76.883695786,79.666696162,1994575.4836915312,0
Oct-30-2020,77.815564397,80.200324304,76.900721658,77.201968484,1970312.1267205526,0
Oct-29-2020,77.716510932,80.449652905,76.646341555,78.495306851,1935341.2514599776,0
Oct-28-2020,73.7660989,80.456695765,72.904940092,78.187877833,2181564.789405971,0
Oct-27-2020,75.534270703,78.491964657,71.834662984,73.70794034,2168159.5598105798,0
Oct-26-2020,79.817245968,80.521947985,72.644041489,75.966470438,1817674.6717244547,0
Oct-24-2020,78.031584406,80.482648818,77.541847735,80.126961378,1697784.642600676,0
Oct-23-2020,76.328406604,80.41566481,72.835757451,77.471722301,1555396.8874629193,0
Oct-22-2020,76.044999766,79.266224496,72.633608479,77.001914677,1714700.870301284,0
Oct-21-2020,73.550886092,76.844403862,72.854039266,75.866322119,1781073.905704269,0
Oct-20-2020,76.983726901,76.983726901,71.295029982,73.538039737,1679774.6601907734,0
Oct-19-2020,77.668858861,83.882158464,70.311111427,76.501796901,1643720.3947758267,0
Oct-18-2020,75.291302549,78.022134658,72.513002906,77.870692737,1548633.2328062644,0
Oct-17-2020,76.359710506,79.295283615,74.759970905,75.921030763,1561021.854560689,0
Oct-16-2020,76.264189789,79.391613536,74.281547995,76.609817914,1448002.4385164804,0
Oct-15-2020,75.461835396,79.986960142,74.76634812,75.959502389,1298024.51531388,0
Oct-14-2020,87.824296418,87.824701589,75.44742563,75.44742563,1285011.0028507295,0
Oct-13-2020,88.748603303,90.342602239,78.191992907,85.899691869,1402189.5016843206,0
Oct-12-2020,90.335794555,90.539599454,78.255271821,88.704349777,1929463.184190033,0
Oct-11-2020,89.468976609,90.435610682,77.807440927,90.335794555,1845141.3484894214,0
Oct-10-2020,89.754506816,89.880457205,78.153766718,89.451191544,1847047.711048428,0
Oct-09-2020,89.665005181,90.027231393,78.255378564,89.707747724,1817757.191395094,0
Oct-08-2020,90.39473683,91.87931368,78.936811554,88.337465135,1836723.6214514435,0
Oct-07-2020,90.870614719,91.66386548,83.746579831,91.611560188,1704919.2236258707,0
Oct-06-2020,92.482823421,92.763530413,84.31166566,89.882315991,1743528.7134808605,0
Oct-05-2020,92.033120783,92.684917205,86.670924333,91.7346032,1846485.321545692,0
Oct-04-2020,92.458032528,92.813721504,86.481213893,87.388402498,1838646.76097971,0
Oct-03-2020,91.554321685,92.784458314,86.874468541,92.458523805,1881146.519538474,0
Oct-02-2020,92.160855675,92.880936648,86.703450336,92.28417015,1862193.0929425487,0
Oct-01-2020,91.780515071,92.89241968,84.004335658,92.146621036,1757933.3951480428,0
Sep-30-2020,93.436397383,93.47754138,84.401760417,91.734505174,1840798.646444474,0
Sep-29-2020,93.251364251,93.860978632,85.999046864,92.845896485,1555047.5832199648,0
Sep-28-2020,91.541078272,93.582022197,84.229251183,93.222428694,1933111.5795629234,0
Sep-27-2020,93.28166742,93.549471412,83.116314164,91.585584105,2044341.7578522775,0
Sep-26-2020,92.656789859,93.543060551,88.751730396,93.23116219,2026761.7843043474,0
Sep-25-2020,93.269218744,93.467999238,88.022919538,92.728815059,2086599.47052532,0
Sep-24-2020,93.501616112,93.633486387,86.793184093,93.215730845,2028098.9856103335,0
Sep-23-2020,93.993003547,95.510837169,86.901376528,92.915527989,1783355.0323795408,0
Sep-22-2020,94.994499,95.651222579,90.02135464,94.013280183,1602111.7641291188,0
Sep-21-2020,93.448933596,95.279449703,89.270847802,95.279449703,1893623.6416314144,0
Sep-20-2020,95.458633427,95.523930968,90.322803307,93.944251685,2140516.532743461,0
Sep-19-2020,95.417769833,96.379550456,92.200639538,95.485217653,2001351.9443355403,0
Sep-18-2020,94.717241402,95.432359225,90.671645545,95.432359225,2072948.2946196157,0
Sep-17-2020,95.029913879,95.354307263,90.04324795,94.717241402,2259497.8131294125,0
Sep-16-2020,91.386240827,98.479265389,79.927016357,95.003213073,204617412.74404672,0
Sep-15-2020,93.873302953,97.176685899,80.724068034,92.447795033,1595446.9326726543,0
Sep-14-2020,99.028724486,102.032491464,77.768972052,96.636869509,1517163.5241613004,0
Sep-13-2020,96.184756721,100.898126816,81.067388981,98.171352913,1507026.7957927072,0
Sep-12-2020,92.793507375,101.314551899,78.995335726,99.395397782,1853086.539551502,0
Sep-11-2020,95.876819261,101.171402938,84.043395191,92.74277202,1959918.3768544982,0
Sep-10-2020,92.879295693,100.790152771,81.650824166,93.58264119,1754446.129007959,0
Sep-09-2020,91.582256376,110.874958087,78.609494041,92.843854535,1840864.1342721253,0
Sep-08-2020,94.133590601,108.052905149,79.192917418,91.582256376,2321916.199848661,0
Sep-07-2020,95.773209594,101.008000093,88.08080145,94.075890803,1979118.8649001005,0
Sep-06-2020,95.214822896,101.017075838,87.287516294,93.95754917,2171418.1574682985,0
Sep-05-2020,95.88614113,99.045283493,89.794131638,95.295048343,2554186.4212847324,0
Sep-04-2020,107.092073261,113.337546859,91.944676267,96.985024266,2057153.9059667478,0
Sep-03-2020,107.197864703,116.733424864,94.985461733,107.222525491,1994231.7145450835,0
Sep-02-2020,114.131715901,116.640520456,95.306477233,107.146347085,2006529.9726997202,0
Sep-01-2020,114.168046403,118.670021666,87.999540323,114.181663892,1705853.2513232853,0
Aug-31-2020,102.561811979,116.02292305,81.976064395,113.919445117,1533343.0274801773,0
Aug-30-2020,110.896185248,116.190156862,86.567195752,102.561811979,2053778.1265758176,0
Aug-29-2020,118.515729186,120.032094336,88.065958878,110.756721085,3839854.6883774265,0
Aug-28-2020,117.640628143,126.86462083,100.96189848,118.586433917,3914292.9789790604,0
Aug-27-2020,124.545327991,128.261552066,92.315316542,117.683163404,5485814.590511629,0
Aug-26-2020,115.400373605,128.420518476,106.618587824,124.545327991,7193529.375803423,0
Aug-25-2020,121.611567453,127.65100054,115.261920034,115.400373605,7035515.188621781,0
Aug-24-2020,124.943623613,128.35899352,120.200421812,121.611567453,7877635.589342652,0
Aug-23-2020,126.640349489,129.380517603,124.090141641,124.949590667,6414235.448823707,0
Aug-22-2020,126.984370322,130.186970033,125.486518125,126.640349489,6426625.187057068,0
Aug-21-2020,123.509741376,130.181358448,123.466824862,127.051505205,6133347.057095835,0
Aug-20-2020,124.44098403,127.532704553,120.758994521,123.480147697,8551112.676243756,0
Aug-19-2020,122.269321396,129.406663625,119.932423214,124.377799602,7254104.148076565,0
Aug-18-2020,129.951001128,138.062326467,120.759497789,122.158111289,5124527.185306016,0
Aug-17-2020,126.121870218,130.491563182,122.638154198,129.814953418,4191233.3554862975,0
Aug-16-2020,124.905309379,126.242996486,114.73054014,126.121870218,3940656.3980218777,0
Aug-15-2020,116.722243971,125.159389482,116.644770002,124.918299891,4116012.4643485146,0
Aug-14-2020,102.122115536,116.907327844,102.122115536,116.722243971,2776116.432375994,0
Aug-13-2020,70.069165972,102.14609159,70.03152086,102.122115536,1653450.6062485867,0
Aug-12-2020,67.200189763,70.102650114,67.200189763,70.08980218,1128272.4260508048,0
Aug-11-2020,63.595589494,67.234901967,63.540674299,67.201747772,1168423.240475893,0
Aug-10-2020,59.969579184,63.639765222,59.203021925,63.595589494,1046533.7219660501,0
Aug-09-2020,56.205101153,60.375879601,56.205101153,59.969579184,971953.3132278856,0
Aug-08-2020,50.626265247,56.192491771,47.259854854,56.192491771,1027823.8823118812,0
Aug-07-2020,42.611295009,50.720430323,34.334981771,50.636332892,814382.5757695695,0
Aug-06-2020,41.733905863,44.26438777,40.254335159,42.611295009,839586.8598498907,0
Aug-05-2020,39.125973742,43.790735547,39.092292513,41.733905863,815042.9377427334,0
Aug-04-2020,37.300378836,40.776554275,35.951032367,38.795091917,750484.6695174221,0
Aug-03-2020,33.674101343,37.502903733,33.545684216,37.300378836,725522.817727132,0
Aug-02-2020,29.600136133,33.715428169,29.235062438,33.674101343,628130.3246957273,0
Aug-01-2020,27.259561515,29.899593813,26.62485174,29.600136133,553595.7349460382,0
Jul-31-2020,23.292766721,27.256947111,23.268596371,27.256947111,474882.75718507246,0
Jul-30-2020,21.885135482,23.357082717,21.837922155,23.292766721,463667.9057045326,0
Jul-29-2020,19.64051275,22.255345231,19.519072298,21.896797535,417885.9285907853,0
Jul-28-2020,17.126839506,19.787668173,16.977579741,19.64051275,305032.8621546805,0
Jul-27-2020,14.963661319,17.269871278,14.73538092,17.126839506,95902.74454667044,0
Jul-26-2020,13.720376963,14.971330597,13.720376963,14.97124208,123981.29369519425,0
Jul-25-2020,13.303959461,13.768975168,13.084937448,13.720376963,143634.21877744555,0
Jul-24-2020,12.774182352,13.347473962,12.200565266,13.29855736,133246.33054084863,0
Jul-23-2020,13.889802489,13.896858377,12.194253553,12.767203457,35624.32005478396,0
Jul-22-2020,12.528020182,13.956037356,12.521239783,13.877713329,41659.751184469125,0
Jul-21-2020,12.123264487,13.134365848,11.365389411,12.521755699,40684.18998992738,0
Jul-20-2020,9.787074456,12.123264487,9.416507953,12.123264487,45961.82097737221,0
Jul-19-2020,10.379452789,11.092773196,8.472842826,9.787074456,27070.061047337414,0
Jul-18-2020,10.839273641,10.967020711,9.884143819,10.384836453,10591.823767606007,0
Jul-17-2020,10.778907256,11.017657868,9.553293467,10.840704873,18733.992423348736,0
Jul-16-2020,9.340233191,10.808179969,9.340233191,10.794110927,18843.857953617702,0
Jul-15-2020,8.971752563,9.342260797,8.136526309,9.342260797,12609.76777492583,0